1,2,3,4,5,6,7,8,9,10,11,12,13,14,15,16,17,18,19,20,21,22,23,24,25,26,27,28,29,30,31,32,33,34,35,36,37,38,39,40,41,42,43,44,45,46,47,48,49,50,51,52,53,54,55,56,57,58,59,60,61,62,63,64,65
554,940,1583,1851,2046,2692,2759,3295,3466,3579,3582,3649,3742,3758,3762,3816,3918,3952,4017,4056,4184,4209,4374,4627,5020,5037,5103,5143,5157,5163,5216,5250,5278,5333,5349,5377,5547,5827,5862,5933,6041,6055,6059,6120,6169,6291,6357,6496,6508,6550,6554,6566,6604,6636,6797,6816,6818,6927,6969,6971,6975,7012,7056,7136,1
784,1529,1690,1993,2091,2347,2537,2562,2687,2825,3118,3184,3197,3323,3370,3442,3535,3542,3578,3599,3654,3709,3764,3784,3786,3887,3935,3964,4014,4054,4133,4184,4274,4435,4512,4550,4703,4706,4717,4739,4836,4858,4904,4960,4991,5161,5299,5302,5504,5573,5637,5654,5733,5799,5829,5890,5896,6018,6103,6138,6155,6190,6193,6241,1
16,857,1278,1718,2009,2057,2126,2579,2679,2693,2805,2913,2917,3159,3246,3280,3345,3442,3503,3536,3579,3629,3786,3933,3983,4003,4066,4145,4280,4723,4802,4933,5040,5137,5151,5192,5254,5254,5678,5679,5793,5866,5914,6065,6186,6215,6251,6282,6374,6401,6414,6614,6667,6711,6732,6962,7148,7163,7224,7230,7352,7370,7370,7503,1
384,743,1151,1356,1381,1678,2320,2412,2735,2742,2919,2976,3053,3158,3437,3683,3843,3879,3882,4005,4053,4086,4177,4180,4415,4465,4479,4598,4654,4769,4872,4894,4899,5040,5130,5204,5544,5572,5596,5642,5674,5703,5786,5844,5858,5869,5892,5945,5958,6050,6099,6154,6214,6274,6310,6458,6464,6517,6549,6597,6609,6611,6635,6660,1
529,735,795,1217,1323,1857,1890,1916,2090,2519,2800,2819,3191,3263,3309,3311,3378,3617,3725,3883,3957,4277,4279,4285,4289,4367,4407,4475,4545,4547,4596,4773,4799,4923,5013,5176,5356,5358,5407,5520,5571,5645,5645,5688,5693,5944,5969,6084,6171,6218,6261,6272,6581,6648,6660,6751,6828,6867,6871,6884,6927,6970,7037,7052,1
732,2125,2223,2226,2309,2327,2465,2594,2812,2972,3104,3170,3331,3337,3339,3372,3499,3545,3720,3761,3922,3923,4016,4017,4039,4046,4135,4260,4288,4298,4371,4481,4532,4535,4599,4641,4655,4691,4840,4852,4896,4900,4935,5270,5282,5325,5538,5573,5711,5849,6014,6034,6144,6167,6299,6465,6602,6610,6683,6698,6847,6849,6892,6942,1
495,513,824,1341,1740,2024,2108,2236,2651,3077,3100,3223,3386,3442,3581,3600,3657,3707,3788,3854,3883,3898,3952,3971,4339,4350,4370,4498,4509,4598,4716,4775,4785,4800,4905,4962,4989,5059,5064,5129,5136,5187,5278,5390,5424,5459,5472,5549,5550,5554,5680,5748,5849,5880,5887,5918,6041,6052,6089,6090,6118,6124,6362,6493,1
729,1329,1767,1810,1994,2079,2098,2174,2552,2565,2702,2769,2805,2931,3170,3678,3679,3698,3977,4180,4188,4258,4292,4388,4572,4590,4639,4673,4757,4760,4844,5030,5050,5056,5162,5258,5483,5636,5680,5717,5927,5985,6019,6072,6081,6144,6242,6385,6470,6630,6660,6673,6847,6913,6951,7010,7032,7117,7162,7185,7250,7257,7275,7304,1
777,1132,1347,1418,1463,1553,1897,1936,2032,2099,2169,2421,2602,2653,3304,3701,3933,4094,4310,4454,4509,4753,4928,4944,4956,5038,5143,5191,5298,5301,5372,5451,5454,5469,5575,5810,5836,5873,5885,5938,5945,5945,6133,6178,6207,6322,6349,6529,6660,6660,6861,6920,6940,7006,7046,7059,7072,7376,7427,7561,7729,7734,7736,7765,1
914,1106,1905,2124,2157,2196,2414,2527,2616,2776,2788,2855,3138,3449,3809,4135,4145,4180,4318,4344,4351,4364,4424,4477,4543,4548,4647,4787,4788,4804,4976,5009,5037,5157,5175,5190,5226,5397,5415,5458,5529,5530,5649,5764,5802,5968,5975,5982,6005,6109,6116,6349,6371,6392,6402,6403,6466,6537,6639,6642,6784,6801,6832,6993,1
168,660,773,1264,1276,1471,1790,1966,2004,2399,2524,2593,3021,3053,3169,3295,3320,3519,3602,3641,3842,3963,4013,4029,4035,4037,4175,4465,4481,4510,4566,4693,4815,4837,4977,5053,5322,5371,5400,5501,5580,5604,5610,5638,5680,5856,5909,5911,5997,6021,6057,6115,6184,6210,6308,6313,6333,6424,6477,6497,6532,6534,6568,6578,1
704,774,811,1012,1494,1632,1651,1652,2143,2185,2401,2526,2669,2688,2722,2836,2972,3118,3297,3382,3561,3808,3813,3859,3927,3950,3951,4026,4072,4214,4237,4401,4482,4574,4828,4871,5041,5048,5101,5192,5226,5243,5434,5457,5559,5567,5656,5681,5726,5731,5848,5883,5950,6115,6205,6225,6235,6282,6284,6481,6542,6555,6563,6615,1
931,1114,1304,1325,1470,1770,1846,2422,2458,2608,2869,2940,3092,3126,3191,3196,3386,3387,3663,3685,3836,3959,3984,4011,4084,4231,4311,4483,4580,4585,4656,4691,4861,4917,4962,5100,5326,5360,5458,5667,5831,5841,5890,5891,5894,6001,6007,6105,6112,6143,6209,6210,6224,6272,6359,6526,6574,6619,6629,6749,6762,6805,6825,6866,1
271,305,803,853,1618,1647,1722,1724,1853,1875,2028,2058,2235,2257,2482,2510,2782,3064,3105,3181,3186,3291,3486,3492,3519,3527,3637,3667,3671,3687,3780,3804,3807,3835,3957,3994,4096,4121,4171,4477,4490,4498,4514,4584,4625,4652,4965,5002,5102,5186,5254,5367,5417,5644,5737,5770,6066,6199,6212,6279,6280,6324,6425,6474,1
1161,1183,1234,1304,1581,1800,1983,1997,2219,2633,2682,2891,2947,3109,3109,3148,3169,3200,3378,3444,3492,3591,3699,3864,4055,4074,4273,4344,4678,4745,4756,4767,4840,5014,5025,5056,5184,5282,5504,5523,5555,5563,5587,5599,5600,5626,5684,5786,5816,5816,5846,5858,5942,5998,6053,6134,6294,6370,6398,6402,6445,6476,6595,6604,1
1218,1713,1819,2027,2333,2396,2512,2602,3093,3262,3305,3312,3530,3583,3655,3667,3689,3774,3792,3821,3994,4045,4348,4482,4493,4514,4581,4735,4758,4829,4881,4896,4930,4935,5110,5114,5137,5197,5231,5247,5351,5499,5607,5613,5663,5810,5829,5931,6013,6078,6214,6458,6645,6761,6770,6812,6830,7022,7024,7047,7140,7206,7276,7285,1
1012,1326,1698,1825,1910,1999,2039,2256,2399,2650,2870,2900,3038,3317,3406,3479,3576,3865,3872,4033,4065,4099,4174,4457,4499,4557,4677,4748,4916,4936,4938,5005,5034,5052,5087,5098,5207,5247,5249,5262,5285,5307,5324,5443,5513,5538,5674,5720,5723,5839,5934,5970,5992,6080,6140,6178,6240,6289,6352,6384,6422,6493,6635,6693,1
424,1031,1205,1480,2178,2193,2250,2354,2474,2715,2802,2851,2927,3115,3151,3294,3317,3413,3433,3549,3796,3824,3891,3926,4206,4242,4346,4375,4432,4443,4461,4475,4505,4568,4685,4719,4744,4807,4844,4989,5031,5161,5189,5198,5206,5209,5661,5785,5845,5905,5947,5995,6036,6058,6403,6430,6430,6442,6458,6562,6562,6582,6689,6716,1
1275,1673,2116,2272,2299,2418,2437,2450,2470,2567,2884,2891,2914,2933,3045,3070,3249,3296,3357,3361,3581,3651,3754,3843,3858,3887,4224,4250,4316,4366,4420,4479,4661,4759,4882,4886,4933,5009,5122,5232,5265,5479,5531,5592,5626,5892,5921,5926,5964,5974,5978,5992,6086,6207,6374,6376,6380,6415,6500,6636,6791,6843,6877,6927,1
697,1185,1338,1843,1943,2062,2363,2381,2406,2647,2848,2971,3133,3178,3224,3235,3338,3683,3880,3993,4030,4114,4136,4294,4516,4560,4619,4655,4842,4979,5005,5052,5161,5279,5295,5415,5531,5638,5713,5728,5805,5898,5934,5967,6071,6114,6124,6141,6191,6233,6253,6254,6430,6501,6519,6565,6740,6796,6852,6987,7017,7024,7064,7119,1
990,1256,1455,1792,1887,1998,2192,2213,2350,2426,2433,2742,2783,2820,2900,3010,3226,3368,3468,3602,3646,3757,3797,4190,4227,4677,4713,4843,4869,4906,4951,5094,5114,5260,5472,5509,5537,5825,5849,5849,5863,5943,6092,6123,6234,6367,6379,6413,6429,6467,6487,6565,6663,6664,6730,6738,6753,6916,6939,7091,7127,7133,7136,7181,1
87,667,889,1642,1838,1880,1998,2020,2027,2177,2216,2309,2426,2588,2718,2849,3053,3178,3189,3308,3409,3460,3604,3691,3709,3723,3793,3816,3995,4029,4171,4189,4194,4287,4311,4321,4437,4444,4450,4453,4506,4508,4562,4689,4717,4789,4874,5081,5229,5344,5378,5401,5473,5499,5511,5541,5639,5742,5766,5847,5927,6006,6067,6087,1
854,1075,1487,1656,1697,1721,1778,2320,2343,2634,2650,2824,3054,3105,3107,3253,3277,3313,3415,3630,3777,3883,4015,4310,4498,4614,4747,4798,4855,4958,5003,5113,5214,5442,5490,5624,5639,5664,5702,5745,5861,6089,6118,6128,6225,6322,6336,6356,6418,6496,6581,6607,6662,6670,6787,6855,6886,6917,6950,6971,7070,7094,7137,7146,1
790,1137,1573,1688,1749,1845,2040,2071,2133,2290,2436,2443,2628,2710,2717,2847,2891,2958,3077,3261,3401,3459,3532,3579,3596,3665,3754,3797,4176,4201,4266,4644,4768,4832,4864,4942,4946,4949,5021,5080,5129,5143,5436,5475,5482,5503,5624,5729,5731,5765,5814,5987,6018,6028,6065,6136,6140,6236,6321,6507,6527,6541,6586,6589,1
218,229,466,872,953,1312,1483,1552,1658,1840,1964,2007,2081,2113,2120,2458,2547,2739,2740,2862,2901,2937,3230,3335,3344,3453,3716,3850,4009,4067,4138,4254,4266,4312,4441,4560,4612,4650,4664,4885,4995,5003,5174,5254,5425,5430,5433,5536,5645,5746,5777,5852,5880,6112,6117,6136,6204,6223,6275,6333,6346,6520,6682,6904,1
1609,1940,2150,2293,2692,2731,2778,2930,2950,3021,3371,3426,3691,3760,3788,3834,4063,4153,4255,4311,4376,4424,4495,4498,4977,5048,5114,5134,5158,5182,5362,5468,5665,5942,5949,6043,6111,6235,6239,6245,6426,6437,6610,6659,6713,6881,6893,6952,7196,7221,7232,7298,7406,7538,7553,7639,7693,7770,7780,7860,7892,8085,8104,8215,1
692,1208,1863,1933,2004,2116,2141,2325,2424,2439,2450,2529,2706,2871,3201,3282,3301,3380,3390,3507,3797,4028,4196,4212,4253,4253,4278,4342,4360,4463,4489,4680,4683,4740,4784,4851,5002,5082,5110,5159,5303,5461,5470,5493,5514,5615,5696,5734,5757,5780,5799,5823,6037,6039,6043,6078,6106,6195,6202,6204,6491,6638,6683,6813,1
1104,1286,1305,2006,2261,2320,2480,2564,2585,3024,3107,3233,3289,3324,3348,3370,3462,3486,3627,3672,3712,3801,4054,4124,4152,4245,4278,4298,4337,4354,4573,4610,4833,4902,4973,5016,5054,5123,5239,5283,5333,5406,5538,5628,5638,5729,5934,5941,5950,5970,5982,6319,6320,6320,6390,6396,6522,6541,6592,6595,6622,6644,6687,6869,1
711,1144,1530,1835,1837,1971,2094,2589,2643,2797,2883,2909,2971,3029,3132,3250,3385,3419,3595,4001,4271,4481,4547,4609,4659,4967,5077,5323,5440,5568,5583,5636,5671,5790,5895,5895,6006,6047,6122,6149,6226,6267,6300,6391,6478,6478,6535,6710,6719,6736,6826,6861,6909,6956,6959,7106,7148,7165,7191,7205,7225,7305,7315,7332,1
174,549,713,1033,1068,1256,1397,1553,1595,1595,1702,1972,2022,2079,2117,2331,2440,2458,2489,2557,2634,2840,2850,2958,3014,3101,3129,3131,3315,3552,3577,3627,3638,3726,3799,4145,4206,4236,4287,4297,4336,4346,4355,4410,4448,4494,4524,4610,4622,4668,4686,4738,4744,4844,4972,5002,5003,5079,5111,5144,5173,5491,5530,5571,1
1166,1196,1198,1269,1354,1362,1416,1549,1584,1906,2085,2123,2165,2240,2373,2723,2734,3178,3303,3375,3428,3452,3641,3836,4065,4107,4115,4606,4691,4694,4783,4809,4863,5103,5202,5294,5310,5336,5576,5588,5691,5847,5865,5870,5957,5990,6002,6115,6180,6214,6254,6262,6284,6312,6577,6605,6607,6610,6674,6714,6874,6936,6958,7163,1
586,843,908,1084,1619,1724,1960,2508,2657,3064,3510,3574,3658,3781,4009,4256,4283,4284,4339,4375,4408,4419,4547,4569,4609,4697,4890,4908,4919,4990,5005,5095,5329,5355,5420,5439,5527,5532,5677,5680,5778,5789,5852,5861,5887,5977,6081,6230,6280,6347,6358,6442,6499,6568,6681,6754,6857,6914,7040,7102,7190,7246,7255,7375,1
181,182,551,910,1113,1236,1402,1646,1716,1776,1784,1850,1910,2103,2297,2468,2619,2657,2757,3076,3208,3373,3373,3432,3603,3630,3639,3744,4011,4072,4140,4160,4218,4392,4438,4528,4531,4582,4681,4735,4791,4869,4912,4940,5012,5146,5193,5244,5349,5354,5454,5507,5526,5646,5764,5772,5774,5877,6043,6120,6131,6301,6305,6348,1
538,1136,1441,1681,1728,1827,1860,2169,2540,2631,3005,3174,3285,3456,3799,3875,3964,3993,4015,4026,4041,4068,4070,4186,4270,4275,4281,4343,4728,4784,4840,4876,4972,4980,4994,5106,5192,5254,5277,5288,5342,5373,5444,5476,5526,5669,5753,5899,5934,5938,5999,6011,6246,6326,6329,6411,6478,6497,6518,6550,6572,6682,6763,6944,1
96,150,484,703,1502,2053,2417,2630,2966,3016,3207,3339,3372,3421,3621,3861,3863,4103,4119,4383,4473,4528,4571,4831,4935,4964,4968,5371,5375,5407,5665,5717,5794,5894,5926,5984,5992,6002,6002,6037,6077,6079,6231,6482,6496,6508,6575,6589,6622,6690,6709,6755,6788,6818,6895,6935,6976,7090,7425,7460,7476,7521,7590,7594,1
1414,1556,1579,1626,2116,2517,2807,2946,3379,3401,3886,4132,4248,4278,4457,4704,4733,4789,5143,5180,5181,5276,5370,5442,5747,5813,5814,5847,5917,6006,6017,6053,6094,6333,6383,6431,6494,6531,6556,6791,6838,6879,6920,6982,6998,7002,7084,7110,7209,7213,7372,7400,7433,7453,7468,7490,7507,7666,7746,7771,8067,8089,8093,8186,1
346,589,1080,1554,1899,1997,2527,2543,2578,2900,3076,3128,3173,3371,3414,3503,3913,3927,4004,4013,4026,4071,4113,4118,4129,4179,4186,4265,4296,4307,4478,4481,4547,5069,5255,5274,5314,5397,5397,5438,5510,5547,5621,5792,5837,5869,5875,6025,6037,6047,6122,6155,6194,6241,6296,6369,6442,6443,6514,6650,6724,6847,6876,6930,1
998,1005,1310,1713,1787,1935,1946,1965,2288,2499,2532,2543,2614,2626,2781,3179,3220,3251,3640,3709,3808,3819,3837,3890,3951,4131,4165,4185,4449,4493,4504,4508,4555,4660,4686,4810,4975,5011,5042,5201,5232,5268,5306,5315,5318,5430,5430,5513,5539,5571,5616,5628,5704,5768,5780,5887,5988,6036,6080,6172,6365,6418,6513,6626,1
546,949,990,1574,1584,2116,2314,2560,2672,2712,2721,2727,2852,2923,2939,3160,3363,3436,3693,3747,3825,4003,4054,4097,4149,4213,4232,4486,4857,4912,4951,4953,5033,5048,5079,5093,5137,5168,5212,5418,5442,5447,5477,5492,5594,5595,5617,5887,5893,5893,5896,5924,5976,5994,6001,6080,6304,6415,6424,6428,6481,6505,6557,6622,1
96,323,696,1229,2130,2279,2374,2423,2599,2625,2704,3162,3248,3614,3816,4118,4175,4539,4556,4610,4652,4737,4891,4935,4998,5106,5162,5316,5346,5346,5363,5419,5455,5485,5485,5488,5520,5578,5604,5631,5645,5652,5699,5743,5762,5905,5935,5952,5968,5990,6058,6080,6155,6167,6293,6434,6439,6695,6806,6830,6849,6907,6911,6927,1
1060,2077,2388,2407,2453,2607,2862,2963,3113,3144,3250,3315,3352,3398,3530,3707,3829,3856,3952,4046,4235,4308,4433,4494,4544,4648,4650,4864,4962,4989,5036,5099,5319,5400,5487,5505,5555,5614,5685,5710,5728,5804,5837,5993,6119,6162,6231,6291,6295,6407,6408,6458,6650,6725,6761,6798,6827,6857,6942,7080,7177,7206,7248,7294,1
303,488,868,1262,1295,1619,1635,1637,1867,1944,1964,1991,2211,2248,2275,2370,2480,2805,2945,2999,3040,3306,3317,3337,3439,3595,3658,3662,3668,3680,3704,3848,3898,4003,4024,4067,4124,4273,4278,4285,4341,4357,4416,4589,4609,4614,4641,4657,4678,4740,4742,4790,4793,4808,4829,4846,4897,4939,4991,5080,5101,5107,5157,5177,1
786,1016,1270,1311,1364,1365,1514,1669,1798,1805,1850,2104,2364,2438,2450,2451,2622,2755,2840,2888,2915,3011,3222,3251,3384,3390,3626,3634,3685,3795,4062,4080,4199,4337,4375,4397,4463,4473,4721,4865,5011,5023,5150,5152,5172,5348,5360,5385,5386,5392,5403,5465,5489,5650,5822,5913,5946,5958,6006,6083,6101,6236,6292,6399,1
1165,1311,1346,1651,1962,2308,2365,2462,2497,2507,2772,2778,2851,2959,3036,3442,3707,3741,3747,3811,3819,4230,4271,4294,4296,4398,4487,4591,4619,4636,4715,4814,4916,5052,5084,5329,5374,5379,5383,5607,5631,5656,5722,5740,6027,6078,6130,6133,6150,6154,6180,6227,6316,6351,6381,6441,6445,6446,6547,6635,6678,6685,6719,6780,1
866,1126,1252,1392,1402,1669,1770,1837,1989,2048,2116,2124,2149,2242,2514,2909,2933,3108,3180,3355,3479,3596,3668,3670,3779,3799,3856,4100,4273,4325,4356,4507,4573,4670,4873,4910,5007,5125,5177,5303,5322,5380,5416,5471,5558,5595,5628,5643,5757,5814,5887,5942,5942,5947,5950,5955,5996,6163,6171,6233,6283,6286,6306,6403,1
551,1144,2085,2404,2461,2884,2903,3026,3120,3219,3339,3373,3448,3519,3543,3639,3890,4037,4084,4261,4475,4479,4780,4819,4952,4985,4993,4993,5025,5035,5123,5141,5288,5460,5702,5833,5879,5957,6032,6345,6367,6410,6459,6523,6631,6684,6786,6891,7017,7083,7092,7164,7219,7271,7399,7405,7411,7466,7478,7483,7570,7584,7616,7620,1
128,269,1066,1562,1709,1903,1926,2275,2275,2432,2526,2609,2648,2741,2785,2855,2950,2989,3066,3069,3177,3444,3498,3554,3568,3666,3832,3882,3889,3974,4148,4210,4232,4254,4293,4326,4650,4954,4999,5132,5262,5289,5517,5524,5556,5600,5601,5630,5823,5951,5980,6139,6226,6267,6275,6279,6371,6389,6390,6599,6626,6646,6722,6787,1
229,655,949,1136,1186,1234,1358,1420,1421,1561,1816,1962,2155,2301,2405,2550,2663,2834,3123,3123,3470,3638,3694,3812,3853,4018,4203,4462,4472,4499,4630,4700,4700,4706,4721,4742,4908,4926,4930,5048,5119,5170,5210,5341,5365,5955,5988,5996,5996,6011,6072,6103,6266,6338,6378,6380,6381,6433,6472,6493,6511,6558,6709,6748,1
417,1448,1844,1899,2072,2242,2247,2300,2308,2393,2442,2463,2481,2500,2548,2701,2714,2853,2900,2997,3290,3321,3385,3558,3558,3595,3687,3866,4142,4273,4470,4577,4606,4636,4658,4665,4740,4755,4765,4901,4971,4981,4987,5001,5157,5172,5247,5322,5369,5374,5414,5497,5503,5588,5645,5721,5737,5782,5788,5901,5937,5957,5968,6084,1
543,679,1031,1462,1890,2090,2208,2348,2413,2470,2492,2529,2543,2718,2726,2762,2801,2902,2938,2953,2978,2998,3021,3148,3186,3218,3226,3367,3380,3387,3453,3902,4217,4222,4298,4368,4438,4481,4481,4554,4613,4635,4645,4786,4814,4850,4901,4902,4957,4981,5024,5075,5135,5155,5204,5275,5330,5340,5420,5445,5446,5460,5540,5557,1
219,384,848,943,1024,1195,1215,1912,2043,2185,2199,2613,2631,2734,2850,2957,2960,2966,2992,3205,3467,3506,3532,3554,3613,3626,3684,3818,3937,3985,4227,4262,4309,4387,4444,4603,4619,4643,4702,4720,4923,4974,5003,5020,5040,5071,5097,5138,5143,5195,5204,5205,5235,5270,5286,5295,5355,5390,5402,5429,5485,5500,5516,5562,1
419,818,1327,1533,1608,1758,1828,1993,2172,2197,2224,2345,2387,2426,2574,2622,2656,2785,2920,3032,3049,3051,3227,3272,3476,3483,3501,3511,3552,3755,3778,4272,4273,4284,4301,4343,4447,4468,4570,4642,4657,4677,4720,4806,5101,5286,5340,5379,5401,5806,5914,5916,6013,6076,6096,6113,6157,6273,6306,6478,6478,6610,6667,6671,1
624,1302,1325,1358,1447,1520,1678,1720,2033,2061,2131,2180,2221,2258,2323,2345,2361,2511,2608,2647,2715,2811,2908,3001,3110,3179,3331,3410,3501,3540,3698,3717,3798,3983,4021,4089,4114,4116,4186,4227,4305,4376,4450,4529,4530,4589,4731,4817,4822,4845,4895,5041,5107,5129,5313,5342,5356,5356,5394,5406,5469,5575,5599,5606,1
530,702,804,2784,3093,3409,3488,3572,3594,3615,3694,3809,3879,4069,4127,4186,4246,4256,4307,4346,4374,4388,4395,4540,4542,4743,4811,4898,5145,5219,5272,5304,5423,5576,5596,5684,5698,5710,5742,5747,5766,5777,5840,5990,6017,6073,6114,6164,6194,6228,6287,6315,6318,6357,6539,6581,6635,6732,6745,6749,6837,6851,6900,6944,1
864,1210,1353,1359,1369,1542,1627,1747,1894,1914,2158,2187,2294,2422,2480,2682,2769,2770,2987,3041,3202,3267,3309,3380,3473,3574,3600,3718,3933,3977,4081,4187,4207,4260,4553,4662,4681,4684,4752,4851,4939,5063,5283,5313,5317,5328,5354,5371,5442,5479,5481,5507,5525,5534,5578,5599,5615,5615,5632,5642,5700,5714,5734,5786,1
977,1485,1671,1819,1910,1936,2012,2077,2134,2266,2345,2365,2605,2677,2754,3031,3125,3215,3264,3422,3615,3632,3751,3782,3932,3984,4136,4273,4447,4486,4558,4768,4802,4850,4912,5133,5280,5306,5327,5422,5449,5467,5666,5698,5738,5788,5895,5897,5987,6003,6078,6120,6270,6321,6348,6459,6513,6601,6668,6672,6763,6894,6905,7008,1
516,852,935,1167,1233,1600,1621,1812,1853,1937,2167,2910,2958,3110,3137,3157,3218,3367,3379,3431,3723,3838,3880,3887,3904,3946,3968,4051,4058,4109,4198,4238,4244,4254,4287,4406,4415,4469,4485,4532,4539,4782,4793,4822,4883,5009,5049,5097,5240,5306,5396,5437,5494,5557,5667,5695,5696,5729,5747,5761,5812,5932,5940,5958,1
2073,2163,2525,2682,2993,3132,3251,3317,3336,3382,3497,3525,3570,3666,3774,3900,4112,4287,4288,4299,4340,4442,4458,4513,4603,4606,4668,4676,4714,4719,4928,5132,5270,5485,5486,5524,5818,5876,5928,5942,5952,5982,6027,6083,6164,6210,6291,6406,6493,6647,6694,6786,6856,6880,6909,6914,6914,7098,7129,7197,7253,7258,7331,7355,1
728,764,1080,1264,1524,1605,1981,2226,2421,2523,2577,2761,2788,2903,2950,3070,3191,3270,3289,3297,3322,3350,3357,3436,3449,3507,3535,3598,3886,3907,4004,4108,4136,4152,4193,4216,4299,4304,4375,4421,4643,4812,4820,4982,5140,5189,5238,5276,5326,5431,5489,5520,5630,5687,5695,5781,5806,5812,5836,5942,5969,6011,6064,6154,1
504,1485,1615,1683,1856,1992,2011,2872,2912,3164,3438,3448,3638,3705,3717,3810,3868,3885,3968,4258,4271,4305,4442,4509,4611,4643,4683,4684,4711,4731,4745,4748,4766,4825,4903,4953,5019,5104,5219,5289,5345,5376,5450,5517,5612,5871,5938,5962,5986,5998,6048,6098,6115,6327,6412,6630,6664,6719,6849,6908,7031,7143,7149,7252,1
183,427,1100,1455,1746,2211,2418,2749,2778,2839,3146,3152,3231,3235,3297,3339,3358,3448,3459,3540,3732,3767,3787,3797,3875,3943,4089,4123,4211,4282,4283,4305,4392,4512,4628,4742,4839,4871,4960,5166,5183,5214,5246,5360,5509,5593,5643,5664,5783,5794,5824,5827,5954,5964,6004,6025,6271,6400,6401,6453,6481,6508,6523,6562,1
344,557,678,879,942,1039,1476,1569,1627,1711,1928,2072,2226,2391,2474,2852,2896,2922,3012,3256,3328,3481,3647,3741,3752,3907,3990,4197,4223,4245,4368,4570,4622,4654,4777,4917,4961,5092,5121,5148,5151,5271,5311,5387,5405,5586,5666,5671,5830,5906,5998,6088,6110,6140,6168,6182,6421,6435,6540,6549,6593,6739,6765,6801,1
59,1297,1596,2072,2251,2323,2573,2632,2668,2697,2776,2816,2928,3151,3321,3446,3455,3593,3941,3996,4030,4124,4126,4322,4365,4384,4409,4424,4721,4759,4763,4908,4927,4982,4986,5020,5064,5138,5198,5223,5231,5303,5318,5363,5395,5443,5459,5643,5653,5722,5753,5758,5800,5836,5918,5966,6079,6100,6152,6196,6278,6410,6494,6589,1
59,1297,1596,2072,2251,2323,2573,2632,2668,2697,2776,2816,2928,3151,3321,3446,3455,3593,3941,3996,4030,4124,4126,4322,4365,4384,4409,4424,4721,4759,4763,4908,4927,4982,4986,5020,5064,5138,5198,5223,5231,5303,5318,5363,5395,5443,5459,5643,5653,5722,5753,5758,5800,5836,5918,5966,6079,6100,6152,6196,6278,6410,6494,6589,1
571,710,1171,1304,1339,1511,1671,1821,1881,1956,2081,2343,2384,2405,2472,2583,2620,2720,2730,2778,2935,2945,3281,3390,3471,3484,3611,3612,3682,3776,3821,3959,3980,4006,4138,4140,4146,4192,4218,4261,4294,4394,4478,4490,4702,4821,4947,4955,5068,5120,5142,5223,5242,5269,5272,5322,5330,5435,5436,5686,5748,5763,5913,5949,1
410,1110,1113,1248,1443,1480,1632,1676,1824,2093,2212,2320,2758,2892,2947,3094,3442,3494,3522,3554,3746,3888,3974,3987,4066,4124,4155,4589,4603,4751,4859,4915,4917,4942,5040,5112,5258,5281,5311,5316,5327,5349,5379,5427,5428,5476,5496,5578,5700,5722,5744,5751,5752,5835,5900,5920,5940,6024,6116,6142,6184,6216,6232,6308,1
508,1107,1413,1430,1728,1850,2023,2214,2250,2305,2358,2449,2518,2714,2714,2724,2777,2871,2971,2983,3003,3073,3259,3261,3430,3444,3646,3890,4436,4474,4617,4617,4649,4708,4734,4755,4762,4893,5033,5167,5237,5309,5614,5764,5767,5911,6056,6129,6147,6183,6190,6201,6216,6316,6442,6451,6517,6553,6663,6692,6768,6791,6836,6877,1
557,1317,1772,2258,2289,2463,2990,3274,3792,3896,4115,4175,4620,4708,4851,5047,5205,5356,5370,5425,5491,5494,5645,5654,5675,5742,5883,5967,6062,6093,6141,6187,6198,6347,6419,6448,6508,6578,6604,6619,6647,6664,6795,6797,6828,6844,6968,7122,7210,7211,7216,7262,7318,7342,7580,7668,7709,7753,7795,7840,7862,7929,7968,8132,1
834,1079,1109,1445,2011,2197,2470,2472,2610,2938,3000,3071,3145,3235,3516,3527,3589,3597,3614,3683,3766,3816,3919,4006,4088,4089,4473,4490,4495,4608,4632,4680,4685,4756,4779,4823,4850,4863,4980,5008,5031,5041,5105,5220,5230,5314,5332,5422,5437,5464,5477,5483,5506,5562,5602,5616,5724,5774,5784,5826,5830,5878,5882,5909,1
735,795,821,830,1376,1831,2214,2380,2415,2434,2619,2651,3000,3017,3340,3524,3619,3644,3646,3665,4033,4350,4383,4455,4470,4485,4687,4705,4784,4867,4878,5113,5122,5130,5192,5237,5297,5332,5405,5475,5500,5526,5582,5616,5624,5683,5788,5997,6021,6033,6068,6214,6254,6298,6356,6486,6562,6569,6629,6711,6890,7027,7116,7264,1
1028,1034,1803,1886,1922,1958,1995,2067,2142,2485,2545,3023,3072,3265,3397,3408,3481,3484,3609,3657,3985,4059,4069,4242,4476,4538,4663,4851,5072,5074,5085,5169,5254,5318,5522,5648,5677,5680,5689,5728,5880,5906,5923,5927,5960,6013,6079,6159,6292,6314,6335,6375,6460,6557,6610,6617,6727,6877,6907,6930,6944,7092,7137,7189,1
1240,1461,1610,1702,1705,1800,1801,1805,2021,2452,2512,2588,2643,2650,2775,2852,3004,3073,3228,3237,3267,3322,3668,3943,3999,4012,4220,4225,4267,4280,4287,4584,4620,5152,5157,5188,5189,5207,5238,5245,5247,5264,5310,5354,5396,5458,5477,5568,5587,5634,5654,5738,5749,5811,5871,5888,5982,6009,6165,6215,6234,6235,6237,6252,1
1183,1419,1758,1858,1901,2219,2271,2276,2277,2289,2687,2871,3077,3119,3443,3561,3807,3968,3970,3989,4509,4524,4580,4631,4678,4842,4844,4894,4932,4946,5056,5117,5143,5332,5420,5477,5506,5546,5607,5655,5802,5905,5922,5943,5953,6104,6271,6312,6364,6387,6408,6488,6617,6641,6676,6744,6827,6908,6921,6923,6938,7034,7035,7134,1
1269,1297,1578,1619,2310,2496,2617,2654,2701,2860,2899,3088,3129,3146,3517,3694,3762,3822,3939,4040,4124,4170,4267,4291,4516,4594,4628,4803,4841,4852,4907,4945,5040,5143,5158,5172,5301,5324,5380,5405,5471,5741,5743,5747,5972,6105,6257,6272,6345,6374,6376,6382,6502,6520,6610,6715,6737,6901,7069,7082,7084,7209,7241,7247,1
469,1428,1742,1824,1952,1953,2023,2048,2195,2199,2226,2575,2590,2827,3009,3032,3060,3255,3690,3753,4334,4381,4463,4617,4640,4695,4740,4909,4924,4940,5029,5091,5201,5268,5278,5343,5348,5503,5518,5580,5821,5847,5864,5978,6032,6095,6160,6233,6277,6298,6400,6427,6528,6586,6735,6790,6808,6837,6846,6882,7035,7055,7061,7176,1
1915,2180,2212,2341,2343,2367,2621,2703,2753,2833,2917,3279,3392,3406,3554,3623,3738,3841,3859,3927,4106,4194,4211,4281,4302,4370,4455,4473,4778,4780,4851,4906,4985,5068,5168,5258,5271,5328,5369,5454,5482,5503,5601,5624,5669,5696,5698,5724,5910,5915,5996,6186,6323,6368,6370,6410,6532,6652,6675,6755,6777,6799,6829,6960,1
170,852,1244,1292,1665,1755,1794,1846,1876,1939,2342,2421,2471,2505,2547,2570,2571,2615,2633,2833,2856,2927,3007,3397,3447,3520,3949,3971,4063,4074,4325,4437,4594,4600,4738,4827,4903,5183,5185,5191,5275,5278,5385,5386,5397,5527,5567,5696,5732,5875,5991,6161,6268,6268,6294,6352,6380,6409,6462,6635,6732,6748,6798,7090,1
318,819,860,984,997,1074,1156,1370,1559,1813,1833,2030,2851,2894,3001,3023,3315,3349,3594,3755,3842,3988,4023,4104,4145,4188,4291,4462,4513,4513,4544,4560,4614,4636,4677,4727,4768,4847,4859,4891,4939,4939,5128,5225,5243,5512,5654,5665,5723,5764,5850,5859,5948,5965,5971,5989,6182,6198,6344,6406,6419,6509,6531,6606,1
535,1116,1583,1662,1727,1769,1773,1821,2032,2448,2467,2691,3249,3303,3469,3587,3852,3985,3990,4026,4130,4130,4183,4297,4418,4595,4700,4713,4775,4786,4891,4984,5101,5151,5278,5345,5445,5478,5561,5593,5835,5959,6039,6098,6157,6161,6162,6216,6371,6376,6413,6529,6592,6603,6637,6897,6900,6968,6997,7089,7150,7298,7306,7344,1
735,1113,1820,1912,2112,2130,2718,2907,3085,3420,3486,3526,3667,3842,3885,4186,4341,4500,4516,4593,4821,4950,4969,5153,5153,5234,5353,5428,5471,5575,5849,5873,5928,6016,6110,6171,6197,6255,6263,6279,6303,6315,6402,6429,6456,6506,6529,6759,6760,6777,6865,6910,6925,6964,6976,7042,7073,7349,7493,7509,7543,7553,7736,7940,1
1443,1459,1559,2156,2206,2221,2422,2690,3007,3341,3345,3535,3764,3813,3974,4046,4206,4339,4427,4438,4654,4668,4784,4845,4931,4959,4965,4997,5027,5171,5174,5197,5293,5309,5454,5622,5633,5652,5804,5814,5900,5929,6089,6108,6200,6230,6352,6378,6391,6584,6588,6622,6796,6821,6921,6923,6939,6974,7310,7387,7406,7466,7597,7633,1
1048,1443,1505,1536,1549,2184,2352,2499,2774,3015,3261,3412,3569,3867,3868,3911,3979,4031,4045,4244,4259,4535,4577,4578,4606,4616,4739,4784,4969,5182,5244,5297,5355,5425,5455,5485,5501,5678,5746,5848,5918,5995,6086,6135,6159,6281,6394,6443,6494,6542,6550,6613,6645,6767,6785,6799,6917,7221,7253,7313,7388,7400,7404,7423,1
1025,2024,2055,2443,2630,2754,2887,2976,3038,3077,3167,3168,3244,3358,3414,3433,3590,3622,3722,3805,3855,3911,3930,3977,3992,4051,4073,4366,4499,4528,4620,4779,4940,4944,4944,5121,5262,5386,5393,5456,5491,5496,5572,5689,5802,5813,5824,5859,5922,5997,6093,6152,6191,6329,6378,6465,6529,6595,6607,6609,6630,6651,6654,6669,1
527,884,1252,1683,1754,1769,2039,2220,2256,2389,2713,2882,2983,3078,3248,3485,3515,3835,3957,4047,4262,4353,4484,4534,4550,4561,4628,4651,4664,4758,4811,4877,4961,5028,5030,5039,5200,5246,5482,5558,5667,5674,5687,5771,5872,5905,6224,6286,6333,6389,6505,6536,6581,6598,6676,6700,6779,6798,6839,6863,6863,6913,7016,7033,1
1889,1988,2233,2394,2402,2420,2648,2651,3636,3643,3839,4293,4515,4529,4545,4559,4638,4745,4778,4862,5209,5312,5334,5369,5386,5568,5592,5746,5844,5908,5974,5975,5996,6059,6112,6124,6185,6210,6226,6412,6451,6489,6517,6579,6644,6697,6872,6955,7049,7070,7130,7161,7200,7209,7209,7240,7284,7305,7383,7406,7445,7461,7634,7643,1
803,1067,1181,1913,1996,2293,2455,2766,3054,3298,3428,3496,3700,3773,3781,3798,3945,4019,4112,4127,4235,4252,4596,4607,4712,4792,4835,4884,5078,5222,5392,5459,5517,5563,5700,5783,5970,5979,5997,6070,6075,6077,6169,6248,6282,6284,6361,6446,6534,6546,6550,6697,6790,6935,6938,7045,7114,7200,7217,7226,7258,7294,7423,7445,1
455,716,1155,1239,1352,1490,1607,1647,1896,2520,2817,2836,2884,2920,3059,3203,3296,3414,3450,3497,3560,3597,3775,3827,3937,4241,4252,4491,4574,4763,4872,4889,4898,5016,5018,5108,5167,5252,5280,5415,5507,5521,5595,5638,5696,5718,5723,5733,5842,6021,6126,6151,6156,6183,6211,6318,6407,6476,6561,6672,6707,6715,6849,6861,1
1628,1754,1974,2014,2127,2493,2851,2965,3185,3272,3306,3340,3363,3370,3402,3597,3599,3654,3742,3807,3911,4044,4269,4285,4492,4607,4637,4757,4786,4892,4957,5025,5169,5173,5231,5250,5283,5346,5351,5403,5447,5473,5577,5589,5677,5803,5806,5844,5849,6015,6157,6176,6397,6427,6446,6695,6728,6742,6806,6820,6829,6884,6960,7003,1
955,1029,1691,2088,2151,2352,2565,2659,2737,2855,3069,3191,3418,3604,3651,4150,4195,4209,4270,4282,4430,4500,4601,4716,4768,4832,4872,4987,5046,5134,5137,5172,5280,5486,5595,5680,5962,6060,6062,6084,6088,6236,6474,6597,6602,6633,6666,6810,6883,6883,6891,7003,7107,7121,7275,7353,7355,7502,7540,7559,7658,7794,7863,7872,1
859,994,1475,1551,1946,2070,2250,2302,2419,2705,2828,3049,3271,3296,3491,3608,3686,3695,3783,3842,3931,3931,3955,3960,3993,4082,4097,4158,4191,4285,4596,4655,4946,5010,5088,5103,5131,5273,5298,5447,5613,5619,5625,5693,5697,5722,5742,5745,6030,6102,6111,6135,6145,6161,6187,6204,6241,6259,6497,6607,6761,6786,6804,6860,1
880,1443,1669,1875,1885,2029,2111,2159,2183,2275,2287,2536,2626,2999,3041,3445,3715,4041,4144,4195,4223,4228,4247,4308,4310,4320,4370,4401,4478,4563,4742,4876,4890,4910,4978,5012,5027,5047,5053,5129,5171,5203,5281,5423,5504,5638,5694,5703,5842,5893,6050,6251,6259,6262,6437,6471,6532,6612,6650,6651,6662,6751,6875,6936,1
565,1675,1912,2404,2527,2697,2760,3048,3272,3461,3518,3605,3611,3821,3850,3868,3929,4042,4063,4282,4290,4557,4586,4897,4898,4901,5084,5112,5147,5201,5298,5474,5511,5640,5706,5795,5799,5874,5897,5900,5935,5976,6122,6147,6217,6245,6425,6519,6630,6672,6797,6855,6879,6920,6920,6982,7016,7057,7085,7311,7461,7485,7528,7575,1
347,1053,1258,1287,1578,1687,2139,2664,2749,2867,3054,3358,3484,3493,3649,3830,4249,4368,4516,4584,4796,4850,5082,5085,5217,5243,5244,5283,5361,5367,5400,5450,5604,5670,5752,5773,5805,5930,6133,6218,6320,6354,6406,6582,6650,6654,6702,6704,6797,6847,6854,6981,6998,7016,7027,7044,7062,7075,7078,7086,7096,7122,7146,7174,1
448,596,642,667,756,1540,1633,1748,1866,2056,2061,2090,2600,2606,2782,2815,2853,3143,3622,3761,3839,3945,3961,4133,4176,4277,4279,4393,4690,4702,4732,4757,4824,4873,4883,4912,5082,5099,5121,5227,5262,5374,5381,5455,5505,5548,5812,5813,5823,5824,6009,6181,6421,6443,6499,6714,6729,6816,6818,6907,7012,7035,7197,7217,1
1041,2000,2087,2513,2765,3385,3467,3472,3704,3771,4023,4084,4127,4237,4239,4250,4252,4361,4436,4490,4667,5056,5154,5174,5263,5297,5348,5350,5362,5392,5429,5507,5671,5739,5809,5903,5925,5950,5961,5966,6007,6026,6093,6205,6256,6258,6305,6330,6390,6470,6513,6513,6585,6616,6666,6723,6752,6789,6795,6846,6887,6983,7021,7043,1
1421,1529,1533,2013,2083,2223,2255,2321,2511,2914,2953,2962,3057,3201,3378,3713,3756,3771,4263,4292,4433,4440,4466,4541,4556,4563,4604,4679,4695,4719,4989,5004,5010,5110,5152,5228,5409,5533,5632,5634,5731,5736,5754,5791,5819,5828,5868,5983,6016,6039,6309,6344,6413,6414,6422,6441,6540,6715,6738,6742,6751,6793,6846,6939,1
572,982,1383,1491,1548,1654,1959,2130,2382,2592,2703,2805,2824,3156,3217,3315,3359,3535,3564,3732,3752,3804,3810,3866,4163,4369,4479,4568,4812,4954,4999,5048,5067,5265,5291,5330,5351,5378,5395,5415,5533,5594,5609,5622,5771,5931,5950,6093,6134,6170,6181,6248,6250,6303,6379,6477,6554,6589,6595,6660,6680,6720,6727,6894,1
663,2528,2687,3131,3221,3299,3373,3385,3468,3606,3928,3984,4115,4285,4365,4478,4670,4759,4785,5125,5507,5564,5689,5710,5748,5816,5837,5932,5942,5987,6192,6351,6360,6363,6430,6569,6645,6710,7079,7516,7525,7568,7611,7727,7755,7818,7838,7887,7944,8037,8134,8174,8242,8257,8279,8312,8331,8338,8405,8421,8431,8521,8578,8586,1
434,1019,1195,1245,1332,2485,2584,2612,2657,2662,2708,3200,3217,3332,3345,3371,3482,3541,3572,3700,3831,4004,4257,4411,4449,4473,4542,4664,4773,4820,4878,4943,5056,5324,5455,5561,5634,5678,5726,5797,5811,5817,5882,5936,6021,6035,6198,6251,6259,6289,6321,6492,6578,6600,6603,6612,6766,6896,6970,7070,7073,7115,7178,7195,1
286,1244,1373,1628,2649,3352,3407,3480,3502,3551,3633,4122,4227,4233,4237,4262,4332,4428,4444,4925,5289,5296,5316,5441,5544,5644,5652,5663,5695,5718,5724,5777,5849,5869,5916,5957,6153,6154,6165,6168,6187,6321,6450,6482,6525,6572,6663,6709,6721,6787,6833,6886,6903,6940,6977,7095,7105,7105,7359,7366,7369,7431,7456,7478,1
1340,1346,1471,2190,2404,2405,2484,2526,2624,2649,2768,2774,2941,2992,3040,3110,3127,3208,3250,3276,3374,3596,3657,3722,3970,4243,4320,4384,4411,4537,4686,4748,4930,4989,5171,5184,5226,5363,5380,5381,5493,5504,5734,5744,5795,5982,6033,6123,6196,6300,6320,6487,6511,6515,6520,6534,6675,6753,6854,7017,7073,7080,7092,7105,1
343,874,1067,1135,1485,1655,2349,2380,2714,2833,2854,2873,3116,3441,3445,3493,3720,3833,4098,4263,4414,4539,4624,4631,4655,4717,4925,5007,5234,5295,5305,5403,5405,5499,5550,5556,5572,5605,5673,5676,5707,5933,6303,6463,6470,6523,6565,6744,6963,7069,7194,7265,7280,7323,7345,7345,7386,7431,7497,7504,7557,7566,7573,7576,1
973,1282,1957,2003,2073,2231,2262,2360,2376,2387,2721,2878,3036,3037,3162,3333,3364,3411,3557,3770,3794,3894,3977,4045,4055,4169,4327,4396,4417,4465,4527,4532,4588,4679,4802,4810,4880,4923,5038,5134,5167,5173,5194,5246,5328,5335,5449,5453,5465,5518,5532,5542,5615,5663,5685,5788,5845,5939,5963,5980,6060,6069,6085,6122,1
1391,1397,1433,1682,1704,1725,1727,1735,1751,1831,1880,1990,2101,2134,2213,2256,2533,2698,2731,2793,2834,2884,3003,3191,3224,3275,3344,3351,3352,3523,3621,3743,3852,4050,4079,4100,4118,4229,4250,4330,4368,4392,4443,4513,4602,4611,4636,4670,4677,4685,4695,4851,5168,5296,5305,5350,5355,5392,5438,5541,5547,5604,5639,5654,0
1204,1665,1670,1823,2104,2197,2280,2676,2717,2817,3136,3166,3188,3223,3337,3504,3555,3586,3747,3817,3964,3985,4008,4224,4475,4498,4614,4647,4654,4845,4886,4889,4905,4907,5062,5087,5278,5308,5364,5386,5565,5590,5688,5768,5777,6020,6044,6065,6076,6077,6123,6142,6256,6258,6272,6358,6686,6749,6772,6784,6788,6800,6820,6876,0
234,1091,1876,2068,2625,2678,2914,3316,3391,3868,3928,4580,4816,4947,5054,5077,5086,5416,5719,5834,5960,6038,6108,6117,6151,6486,6734,6742,7160,7173,7210,7379,7421,7624,7631,7712,7818,8062,8092,8180,8315,8362,8380,8467,8482,8518,8634,8693,8729,8886,9155,9301,9370,9392,9472,9588,9718,9782,9866,9957,10175,10281,10333,10342,0
1057,2171,2296,2733,3060,3256,3309,3447,3463,3676,3708,4101,4309,4447,4463,4565,4687,4745,5084,5206,5294,5361,5662,5924,5981,5996,6295,6326,6344,6365,6427,6439,6451,6485,6506,6507,6524,6614,6616,6718,6863,7090,7149,7194,7328,7379,7499,7502,7546,7606,7794,7810,7851,8449,8539,8545,8610,8654,8717,8766,8803,8826,8964,8970,0
1036,1162,1442,2299,2334,2410,2536,2646,3106,3165,3176,3215,3233,3532,3554,3645,3801,3895,4053,4171,4278,4378,4439,4571,4675,4851,4878,4944,4955,5034,5080,5170,5597,5692,5705,5884,5896,5913,5988,6078,6157,6186,6206,6227,6319,6380,6451,6524,6725,6863,6945,7034,7127,7145,7193,7241,7282,7283,7333,7438,7490,7556,7624,7684,0
1490,2120,2220,2409,2435,2516,2696,2717,2763,2821,2835,2872,2932,3177,3187,3307,3369,3466,3567,3641,3722,3724,3903,3941,4000,4054,4148,4187,4207,4208,4315,4354,4365,4382,4397,4415,4477,4554,4562,4639,4802,4916,5017,5097,5112,5182,5220,5246,5260,5266,5351,5448,5574,5586,5610,5757,5892,6073,6090,6134,6193,6194,6235,6252,0
1130,1170,1529,1544,1570,2196,2894,3376,4042,4220,4329,4431,4443,4799,4865,4947,4962,5004,5271,5330,5577,5595,5735,5739,5750,5864,5996,6268,6349,6452,6497,6539,6625,6663,6988,7072,7096,7258,7325,7343,7397,7580,7826,8097,8126,8142,8241,8282,8516,8583,8588,8755,8850,8901,9045,9078,9146,9163,9206,9210,9215,9237,9266,9285,0
137,512,723,1194,1274,1547,1598,1849,1974,2168,2598,2882,3005,3040,3044,3127,3157,3175,3228,3355,3410,3429,3506,3633,3674,3785,3801,3862,3901,4029,4064,4066,4077,4115,4134,4185,4200,4234,4260,4330,4358,4527,4569,4612,4624,4666,4735,4759,4785,4828,4921,4960,4996,5012,5029,5052,5249,5330,5429,5443,5540,5679,5774,5827,0
741,977,1037,1057,1123,1626,2609,3124,3132,3142,3581,3776,3816,3889,4090,4136,4237,4326,4333,4441,4526,4658,4716,5015,5160,5255,5352,5404,5414,5422,5754,5857,5866,6166,6196,6202,6382,6400,6454,6584,6607,6696,6896,6923,6940,7005,7030,7102,7143,7188,7231,7333,7456,7523,7609,7671,7708,7729,7757,7773,7776,8088,8130,8229,0
1438,1643,1885,2010,2079,2396,3367,3525,3531,3597,3697,3706,3900,3906,3978,3993,4028,4034,4331,4419,4735,4788,4933,5005,5112,5311,5333,5552,5569,5824,5980,6009,6073,6080,6153,6156,6190,6279,6301,6440,6449,6515,6580,6694,6738,6821,6881,6911,6931,6972,7059,7069,7106,7207,7237,7265,7451,7516,7532,7717,7725,7728,7852,7860,0
833,2079,2328,2337,2446,2658,3031,3377,3443,3447,3831,3887,3943,4005,4114,4620,4620,4720,4726,4941,5112,5332,5521,5539,5597,5690,5871,5875,6144,6229,6347,6423,6453,6641,6655,6676,6678,6708,6734,6815,7012,7018,7031,7119,7248,7408,7412,7439,7592,7650,7705,7737,7748,7860,7953,7975,8004,8022,8040,8043,8054,8055,8116,8234,0
556,643,1020,1119,1307,1342,1410,1477,1580,1761,1960,2022,2027,2153,2434,2545,2557,2799,2876,3088,3116,3335,3400,3602,3635,3747,3763,3811,3850,3875,4012,4132,4152,4242,4288,4368,4394,4527,4558,4768,4782,4793,4831,4907,4930,4936,4971,4989,5089,5215,5229,5230,5301,5329,5345,5475,5540,5686,5703,5757,5790,5845,5905,5910,0
1455,1505,1657,1684,1725,1759,1762,2164,2173,2407,2626,2652,2766,2771,2819,3240,3258,3602,3670,3740,3906,4078,4175,4249,4315,4361,4412,4523,4743,4781,4788,4904,4905,4955,4987,5044,5170,5226,5295,5403,5405,5406,5469,5503,5591,5764,5839,5944,6117,6190,6247,6256,6450,6457,6479,6529,6547,6564,6588,6600,6651,6722,6734,6897,0
912,1498,1755,1768,1994,2020,2204,2298,2577,2610,2610,2662,3278,3334,3567,3573,3814,4021,4330,4408,4498,4758,4830,5013,5131,5134,5346,5442,5466,5606,5695,5716,5766,5789,5851,5898,5924,5979,6123,6232,6539,6630,6764,6835,6862,6980,7077,7087,7120,7205,7337,7409,7425,7434,7468,7501,7530,7693,7720,7721,7824,7849,7917,7943,0
1553,1650,1996,2219,2265,2327,2755,2796,2852,3138,3234,3281,3543,3587,3641,3809,3845,3894,4002,4027,4250,4374,4502,4558,4600,4661,4666,4837,4838,4939,5018,5336,5355,5418,5450,5478,5777,5788,5852,6105,6262,6284,6296,6343,6356,6405,6420,6569,6601,6614,6672,6674,6723,6817,6826,6880,6952,6996,7146,7173,7231,7243,7244,7371,0
220,340,1227,1288,1309,1557,1753,1807,1972,2191,2207,2208,2208,2273,2279,2358,2379,2453,2517,2544,2604,2735,2803,2840,3123,3125,3158,3211,3259,3270,3451,3466,3551,3559,3564,3602,3614,3626,3649,3661,3735,3838,3943,3986,3990,4088,4097,4176,4239,4244,4294,4314,4515,4610,4612,4624,4633,4656,4761,4799,4819,4841,4846,4876,0
580,705,727,1013,1071,1126,1326,1428,1438,2063,2205,2255,2320,2397,2486,3013,3134,3182,3204,3338,3398,3762,3975,4085,4095,4309,4338,4440,4467,4469,4486,4601,4724,4732,4918,5097,5196,5377,5390,5409,5465,5508,5531,5541,5572,5645,5692,5700,5786,5788,5866,6074,6077,6091,6103,6129,6176,6191,6265,6409,6478,6496,6558,6563,0
464,724,772,1191,1757,2289,2473,2646,2656,2678,2740,2783,2979,2998,3123,3142,3149,3246,3322,3396,3421,3689,3702,3751,3752,3755,3861,3878,4344,4401,4412,4774,4850,4961,4982,4985,5017,5066,5114,5163,5176,5211,5224,5284,5310,5470,5515,5642,5679,5762,5948,6021,6047,6060,6107,6109,6149,6409,6632,6632,6853,7029,7041,7165,0
827,1420,1454,1503,1876,2334,2627,2657,2752,2877,3084,3312,3390,3541,3585,3800,3866,3969,3986,4157,4193,4211,4345,4443,4561,4577,4622,4638,5059,5075,5158,5169,5172,5227,5285,5396,5443,5591,5638,5644,5651,5654,5694,5701,5739,5765,5863,5936,5966,6084,6097,6221,6234,6235,6260,6291,6483,6520,6602,6662,6738,6764,6837,6893,0
880,1436,2055,2095,2252,2325,2376,2505,2537,2817,2948,3132,3525,3680,3876,3966,4021,4046,4162,4227,4275,4537,4578,4610,4627,4630,4824,4834,4901,4921,5064,5169,5267,5340,5402,5487,5633,5644,5653,5697,5715,5762,5817,5898,5909,5911,5920,5996,5997,6094,6356,6469,6606,6766,6819,6885,6917,7005,7014,7072,7116,7130,7166,7171,0
359,526,531,709,1063,1650,1746,1853,2267,2970,3232,3489,3492,3598,3614,3635,3772,3939,3940,4052,4121,4199,4411,4539,4559,4571,4591,4616,4640,4661,4792,4810,4865,4916,4954,4972,4991,5213,5288,5289,5362,5385,5642,5666,5690,5743,5874,5881,5968,5994,6294,6294,6393,6578,6698,6752,6768,6911,7007,7053,7060,7067,7207,7256,0
557,1015,1157,1267,1429,2980,3098,3190,3211,3467,3540,3545,3699,3775,4118,4633,4866,4885,4891,4927,4962,4994,5027,5093,5101,5158,5324,5345,5487,5503,5510,5570,5671,5693,5872,5904,5914,6127,6285,6292,6330,6455,6479,6868,6907,7020,7051,7066,7215,7333,7393,7514,7685,7687,7829,7884,8071,8291,8322,8387,8390,8499,8553,8724,0
610,720,990,1288,1632,1743,1788,2023,2037,2349,2415,2453,2558,2738,2746,2994,3118,3161,3434,3476,3582,3637,3687,3716,3864,3913,4005,4123,4135,4199,4407,4578,4605,4660,4728,4820,4837,4878,4941,4992,5008,5111,5162,5185,5457,5647,5743,5767,5794,5815,5865,5957,6044,6225,6368,6400,6438,6466,6512,6606,6678,6831,6871,6941,0
342,1212,1385,2256,2280,2298,2840,3015,3065,3256,3277,3807,3906,4128,4440,4553,4656,4786,4866,4914,4918,4920,5067,5202,5254,5270,5300,5436,5449,5451,5511,5521,5589,5733,5940,5944,5970,6003,6007,6417,6658,6660,6706,6797,6825,6944,6955,6985,7098,7137,7159,7255,7285,7352,7402,7466,7477,7483,7506,7510,7543,7570,7617,7761,0
302,1490,2130,2139,2531,2555,2617,3210,3304,3451,3579,3845,4080,4084,4150,4185,4428,4433,4559,4744,4792,4929,4955,4966,5038,5258,5289,5398,5452,5455,5542,5589,5693,5818,6038,6069,6260,6275,6456,6491,6508,6540,6550,6555,6573,6591,6615,6640,6809,6817,6823,6952,7072,7118,7189,7323,7379,7404,7443,7499,7512,7598,7621,7627,0
653,1553,1836,2435,2853,3025,3254,3355,3501,3708,3721,3770,3872,4131,4142,4274,4321,4419,4492,4502,4614,4659,4699,4728,4785,4791,5054,5066,5255,5330,5408,5422,5429,5510,5567,5598,5615,5735,5917,5942,5963,5972,5982,6200,6245,6250,6345,6360,6363,6375,6387,6390,6406,6500,6561,6654,6699,6760,6998,7328,7375,7457,7600,7676,0
1581,1823,1980,2439,2464,2543,2655,2945,3096,3143,3424,3722,3895,4215,4220,4400,4516,4556,4562,4632,4761,4962,5208,5223,5265,5309,5313,5317,5649,5794,5853,5868,6034,6073,6219,6271,6350,6688,6856,6856,6871,6889,7201,7230,7305,7425,7429,7564,7602,7606,7692,7865,7892,7964,8166,8172,8284,8335,8416,8449,8551,8658,8694,8840,0
1517,1674,2214,2862,2941,3090,3510,3722,3753,3831,4113,4145,4168,4202,4207,4229,4235,4376,4437,4477,4702,4812,4956,4981,5083,5409,5647,5701,5728,5766,5880,5941,6102,6145,6225,6448,6452,6452,6470,6494,6541,6601,6652,6703,6710,6732,6751,6853,6853,7039,7151,7311,7331,7342,7383,7464,7476,7511,7545,7624,7712,7771,7849,7870,0
263,768,936,1189,1276,1621,1737,1745,1865,1979,2063,2124,2512,2706,2846,2886,2921,2936,3294,3483,3734,4034,4208,4216,4474,4537,4636,4663,4720,4849,4883,4898,5042,5120,5125,5199,5238,5330,5491,5553,5698,5734,5736,5746,5771,5947,5979,6065,6098,6104,6201,6291,6356,6521,6545,6950,7200,7255,7490,7500,7507,7525,7554,7725,0
1338,1587,1731,1739,2050,2329,2559,2876,3134,3159,3395,3406,3508,3745,3811,3925,4005,4037,4147,4228,4282,4346,4714,4766,4848,4987,5202,5213,5544,5728,5731,5747,5758,5813,5993,6088,6223,6337,6404,6522,6552,6600,6629,6708,6737,6760,6830,6833,6922,6961,6976,7058,7098,7114,7158,7296,7312,7357,7389,7464,7522,7569,7614,7667,0
1356,1980,2333,2440,2671,2678,2908,3021,3089,3246,3348,3485,3552,3688,3742,3824,3944,4017,4354,4392,4421,4479,4616,4746,4767,4875,4922,5019,5102,5103,5181,5263,5448,5530,5566,5609,5749,5817,5934,6179,6203,6528,6546,6648,6674,6830,6832,6955,6981,7123,7137,7172,7183,7183,7206,7327,7459,7552,7793,7872,7939,7961,7997,8068,0
973,1330,1457,1578,2075,2412,2448,2711,2725,2782,2836,2974,3553,3683,3690,3715,4169,4197,4254,4270,4382,4395,4476,4529,4706,5191,5237,5319,5330,5421,5456,5476,5957,5963,6079,6207,6394,6740,6762,6789,6855,6892,6906,6959,7063,7318,7385,7457,7593,7756,7787,7858,7975,8029,8056,8058,8207,8455,8484,8529,8695,8725,8827,8970,0