1,2,3,4,5,6,7,8,9,10,11,12,13,14,15,16,17,18,19,20,21,22,23,24,25,26,27,28,29,30,31,32,33
5.54E-05,9.40E-05,0.000158349,0.000185109,0.000204603,0.000269281,0.000275984,0.000329552,0.000346673,0.000357912,0.000358281,0.000364951,0.000374231,0.000375835,0.000376291,0.000381607,0.000391893,0.000395294,0.000401784,0.000405608,0.000418435,0.000420917,0.000437443,0.000462736,0.000502014,0.000503786,0.000510391,0.000514379,0.000515797,0.00051632,0.00052163,0.00052501,1
7.84E-05,0.000152918,0.000169028,0.000199396,0.000209151,0.000234743,0.000253762,0.000256271,0.000268739,0.000282599,0.000311843,0.000318439,0.000319779,0.000332329,0.000337042,0.000344221,0.0003535,0.000354244,0.000357898,0.000359999,0.000365443,0.000370925,0.000376407,0.000378407,0.000378663,0.000388726,0.00039358,0.000396413,0.000401491,0.000405416,0.000413313,0.000418411,1
1.63E-06,8.57E-05,0.000127846,0.000171863,0.000200945,0.000205773,0.000212607,0.000257988,0.000267975,0.000269364,0.000280523,0.000291313,0.000291755,0.000315917,0.000324637,0.000328006,0.000334553,0.0003442,0.000350317,0.000353686,0.000357919,0.000362902,0.000378603,0.000393307,0.000398345,0.000400372,0.000406693,0.000414532,0.000428088,0.000472342,0.000480219,0.000493363,1
3.84E-05,7.43E-05,0.000115111,0.000135608,0.000138104,0.000167817,0.000232038,0.000241221,0.000273586,0.000274203,0.000291968,0.000297615,0.000305315,0.000315867,0.000343742,0.000368309,0.000384362,0.000387903,0.000388284,0.00040057,0.000405369,0.000408628,0.000417759,0.000418027,0.000441591,0.00044657,0.000447928,0.000459839,0.000465423,0.000476991,0.000487295,0.000489486,1
5.29E-05,7.35E-05,7.95E-05,0.000121733,0.000132303,0.000185702,0.000189009,0.000191647,0.000209085,0.000251938,0.000280069,0.000281999,0.00031913,0.000326393,0.000330919,0.00033113,0.000337855,0.000361729,0.000372531,0.000388342,0.000395701,0.000427776,0.000427997,0.000428502,0.000428919,0.000436703,0.000440753,0.000447557,0.00045455,0.000454789,0.000459643,0.000477393,1
7.32E-05,0.000212555,0.000222344,0.000222619,0.000230904,0.000232731,0.000246553,0.000259485,0.000281221,0.000297286,0.000310436,0.000317024,0.000333165,0.000333736,0.000333949,0.000337228,0.000349968,0.000354505,0.000372053,0.000376111,0.000392268,0.000392327,0.000401681,0.000401715,0.000403988,0.00040465,0.000413539,0.000426031,0.000428827,0.000429869,0.000437154,0.000448177,1
4.95E-05,5.13E-05,8.24E-05,0.000134121,0.000174022,0.000202405,0.000210824,0.000223626,0.000265191,0.00030779,0.000310052,0.000322332,0.000338653,0.000344258,0.000358175,0.000360006,0.000365777,0.0003707,0.000378809,0.000385426,0.000388305,0.000389819,0.000395276,0.000397154,0.00043391,0.000435063,0.000437044,0.000449811,0.000450901,0.000459838,0.000471615,0.000477515,1
7.29E-05,0.000132944,0.000176739,0.000181015,0.000199404,0.000207948,0.000209804,0.000217405,0.000255224,0.000256587,0.000270274,0.000276955,0.000280587,0.000293125,0.000317045,0.000367863,0.000367929,0.000369857,0.000397754,0.000418077,0.000418868,0.000425829,0.000429208,0.000438826,0.000457299,0.000459061,0.000463988,0.0004673,0.0004757,0.000476002,0.000484412,0.00050303,1
7.77E-05,0.000113208,0.000134755,0.000141837,0.000146379,0.000155396,0.000189752,0.000193623,0.000203232,0.00020999,0.00021697,0.000242172,0.000260235,0.000265356,0.000330412,0.000370153,0.00039337,0.000409416,0.000431059,0.000445441,0.000450916,0.000475391,0.000492848,0.0004944,0.00049565,0.000503847,0.000514371,0.000519146,0.000529838,0.000530103,0.000537207,0.000545102,1
9.14E-05,0.000110665,0.000190546,0.000212488,0.000215779,0.000219695,0.000241432,0.000252752,0.000261652,0.000277674,0.000278835,0.000285503,0.0003138,0.000344994,0.000380922,0.000413554,0.000414568,0.000418072,0.000431862,0.000434447,0.000435143,0.000436454,0.000442414,0.000447778,0.000454352,0.000454813,0.000464703,0.000478768,0.000478845,0.000480413,0.00049762,0.000500957,1
1.68E-05,6.60E-05,7.73E-05,0.000126482,0.00012761,0.000147148,0.000179055,0.000196601,0.000200489,0.000239945,0.000252413,0.000259354,0.000302119,0.000305374,0.000316915,0.0003295,0.00033209,0.000351955,0.000360299,0.000364177,0.00038429,0.000396314,0.0004013,0.000402986,0.000403541,0.000403717,0.00041754,0.000446534,0.0004481,0.000451045,0.000456676,0.000469319,1
7.04E-05,7.74E-05,8.11E-05,0.000101294,0.000149463,0.000163205,0.000165152,0.000165246,0.000214354,0.000218519,0.000240134,0.000252629,0.000266903,0.000268818,0.00027225,0.000283632,0.000297256,0.000311878,0.000329789,0.00033822,0.000356117,0.000380892,0.000381355,0.000385939,0.000392704,0.000395015,0.000395164,0.00040264,0.000407208,0.000421497,0.000423719,0.000440148,1
9.31E-05,0.000111428,0.000130487,0.000132598,0.000147085,0.000177032,0.000184603,0.000242245,0.000245877,0.000260813,0.00028697,0.00029407,0.000309273,0.000312624,0.000319198,0.000319632,0.000338676,0.00033879,0.000366345,0.000368506,0.000383603,0.000395939,0.000398488,0.000401179,0.000408473,0.000423103,0.000431102,0.000448349,0.000458005,0.000458581,0.00046566,0.000469176,1
2.71E-05,3.05E-05,8.03E-05,8.53E-05,0.000161827,0.000164778,0.000172223,0.000172409,0.000185328,0.000187554,0.000202831,0.000205835,0.000223577,0.000225727,0.000248275,0.000251037,0.000278257,0.000306458,0.000310515,0.000318187,0.000318649,0.000329188,0.000348661,0.000349275,0.000351918,0.000352715,0.000363775,0.000366741,0.000367166,0.000368728,0.000378086,0.000380461,1
0.000116197,0.0001183,0.000123489,0.000130491,0.000158183,0.000180005,0.000198385,0.000199763,0.000221982,0.000263316,0.000268265,0.000289183,0.000294736,0.000310964,0.000310969,0.000314889,0.000316982,0.000320003,0.000337863,0.000344478,0.00034927,0.000359137,0.000369937,0.000386431,0.000405584,0.000407473,0.000427345,0.000434442,0.000467856,0.000474593,0.000475624,0.000476778,1
0.000121885,0.000171353,0.00018196,0.000202786,0.00023337,0.000239661,0.000251262,0.000260207,0.000309349,0.000326209,0.000330591,0.000331269,0.000353057,0.000358361,0.00036552,0.000366714,0.000368965,0.000377489,0.000379243,0.00038219,0.000399445,0.000404538,0.000434828,0.0004482,0.000449394,0.000451493,0.000458171,0.000473524,0.000475862,0.000482902,0.000488188,0.000489694,1
0.000101291,0.000132612,0.000169893,0.000182599,0.000191063,0.000199971,0.000203936,0.000225661,0.000239996,0.000265018,0.000287022,0.000290072,0.000303864,0.000331734,0.000340644,0.00034793,0.000357634,0.000386591,0.000387244,0.00040335,0.000406503,0.000409953,0.000417489,0.000445791,0.000449904,0.000455719,0.000467787,0.000474883,0.000491607,0.000493636,0.000493824,0.00050055,1
4.24E-05,0.000103133,0.000120501,0.000148026,0.000217866,0.000219353,0.000225004,0.00023549,0.000247478,0.000271557,0.000280247,0.00028517,0.000292736,0.000311539,0.000315189,0.000329471,0.000331758,0.00034136,0.000343343,0.000354969,0.00037965,0.000382492,0.00038917,0.000392668,0.000420633,0.000424235,0.000434666,0.000437571,0.000443231,0.000444397,0.000446104,0.000447522,1
0.000127517,0.000167396,0.00021165,0.000227265,0.000229922,0.000241811,0.000243793,0.000245098,0.000247075,0.000256721,0.000288487,0.000289188,0.00029148,0.000293387,0.000304505,0.000307055,0.000324931,0.000329659,0.000335766,0.000336132,0.000358132,0.000365137,0.00037549,0.000384305,0.000385888,0.000388731,0.000422448,0.000425022,0.000431652,0.000436649,0.000442048,0.000447925,1
6.97E-05,0.000118511,0.000133846,0.000184307,0.00019433,0.00020622,0.000236358,0.000238106,0.00024064,0.000264763,0.000284823,0.000297168,0.000313387,0.00031786,0.000322434,0.000323597,0.000333865,0.000368317,0.000388012,0.000399345,0.000403016,0.000411491,0.000413611,0.000429468,0.000451667,0.000456069,0.000461946,0.000465525,0.000484297,0.000497997,0.000500501,0.000505289,1
9.90E-05,0.000125683,0.000145528,0.000179252,0.000188768,0.000199859,0.000219297,0.000221303,0.000235019,0.000242615,0.000243305,0.000274264,0.000278314,0.000282041,0.000290022,0.000301055,0.000322605,0.000336868,0.00034686,0.000360228,0.000364657,0.000375766,0.000379773,0.000419001,0.000422751,0.000467755,0.000471394,0.000484381,0.000486979,0.000490615,0.000495173,0.000509497,1
8.76E-06,6.67E-05,8.89E-05,0.000164242,0.000183812,0.000188025,0.000199892,0.000202032,0.000202724,0.000217731,0.000221623,0.000230924,0.000242674,0.000258897,0.000271832,0.000284979,0.000305378,0.00031786,0.000318908,0.000330867,0.000340928,0.000346038,0.000360471,0.000369178,0.000370908,0.000372345,0.000379359,0.000381657,0.000399562,0.000402906,0.000417159,0.00041891,1
8.54E-05,0.000107578,0.000148762,0.000165689,0.000169762,0.000172151,0.000177849,0.000232007,0.00023438,0.000263482,0.000265051,0.000282451,0.000305497,0.00031052,0.000310725,0.000325384,0.000327724,0.000331348,0.000341596,0.000363006,0.000377718,0.000388316,0.00040151,0.000431008,0.000449897,0.000461418,0.000474788,0.000479849,0.000485541,0.000495871,0.000500343,0.000511335,1
7.90E-05,0.000113726,0.00015732,0.000168873,0.000174932,0.000184533,0.000204014,0.000207146,0.000213354,0.000229034,0.00024361,0.000244342,0.000262854,0.000271067,0.000271755,0.000284734,0.00028913,0.000295874,0.000307724,0.000326167,0.000340116,0.000345997,0.000353205,0.000357985,0.000359616,0.000366516,0.000375418,0.000379734,0.000417625,0.000420173,0.000426679,0.0004644,1
2.18E-05,2.29E-05,4.66E-05,8.72E-05,9.53E-05,0.000131221,0.000148336,0.000155288,0.00016585,0.000184071,0.000196477,0.000200784,0.00020813,0.000211388,0.00021201,0.000245842,0.000254737,0.000273945,0.00027404,0.000286239,0.000290164,0.000293731,0.000323019,0.000333514,0.000334405,0.000345368,0.000371614,0.000385018,0.000400956,0.000406741,0.000413852,0.000425478,1
0.000160996,0.000194006,0.00021509,0.000229376,0.000269208,0.000273187,0.000277809,0.000293024,0.000295085,0.000302122,0.000337111,0.000342671,0.000369119,0.000376067,0.000378813,0.000383434,0.000406306,0.000415339,0.000425514,0.000431147,0.000437684,0.000442412,0.000449533,0.000449802,0.000497731,0.000504895,0.000511405,0.000513483,0.000515894,0.000518223,0.000536268,0.000546877,1
6.92E-05,0.000120866,0.000186343,0.000193354,0.000200402,0.000211627,0.00021413,0.000232578,0.000242494,0.000243944,0.000245065,0.000252956,0.000270619,0.000287191,0.000320185,0.0003282,0.000330159,0.000338058,0.000339036,0.000350749,0.000379772,0.000402808,0.000419643,0.000421223,0.000425373,0.00042539,0.000427839,0.000434235,0.000436042,0.000446396,0.000448912,0.000468092,1
0.000110421,0.000128673,0.000130552,0.000200662,0.000226107,0.000232018,0.000248034,0.000256451,0.000258513,0.00030242,0.000310742,0.000323357,0.000328918,0.000332424,0.000334822,0.000337056,0.000346277,0.000348683,0.000362751,0.000367224,0.000371285,0.000380135,0.000405411,0.000412402,0.000415271,0.000424573,0.000427868,0.000429823,0.000433784,0.000435465,0.000457348,0.000461004,1
7.11E-05,0.000114417,0.000153093,0.000183562,0.000183793,0.000197145,0.000209455,0.000258995,0.00026437,0.000279732,0.000288302,0.000290989,0.000297163,0.000302992,0.000313244,0.000325014,0.00033852,0.000341945,0.000359547,0.000400123,0.000427112,0.000448199,0.000454749,0.000460944,0.000465947,0.000496725,0.000507782,0.000532329,0.000544,0.000556803,0.000558389,0.0005636,1
1.74E-05,5.49E-05,7.13E-05,0.000103375,0.000106894,0.000125622,0.000139765,0.000155386,0.000159526,0.000159527,0.000170223,0.000197281,0.000202204,0.000207956,0.000211773,0.000233168,0.000244009,0.000245839,0.000248916,0.000255771,0.00026341,0.000284038,0.000285036,0.00029583,0.000301428,0.000310127,0.000312964,0.000313127,0.000331572,0.000355211,0.000357746,0.000362753,1
0.000116603,0.000119641,0.000119852,0.000126996,0.000135486,0.000136216,0.000141613,0.00015495,0.000158415,0.00019063,0.000208541,0.000212336,0.000216574,0.000224022,0.000237327,0.000272372,0.000273444,0.000317895,0.000330339,0.000337535,0.000342861,0.000345296,0.000364115,0.000383697,0.00040655,0.000410748,0.00041154,0.00046062,0.000469123,0.000469449,0.000478399,0.000480935,1
5.86E-05,8.43E-05,9.08E-05,0.000108435,0.000161908,0.000172466,0.000196093,0.000250813,0.000265773,0.00030643,0.000351092,0.000357459,0.000365802,0.000378187,0.000400906,0.0004256,0.000428346,0.000428415,0.000433993,0.000437588,0.000440832,0.000441955,0.000454714,0.000456984,0.00046094,0.000469712,0.000489057,0.000490806,0.00049193,0.000499029,0.000500582,0.000509589,1
1.81E-05,1.82E-05,5.51E-05,9.10E-05,0.000111309,0.000123607,0.000140235,0.000164634,0.000171694,0.000177612,0.000178416,0.000185069,0.000191088,0.00021037,0.000229783,0.00024688,0.000261937,0.000265775,0.000275771,0.000307604,0.000320838,0.000337339,0.00033735,0.00034322,0.000360305,0.000363068,0.000363905,0.000374419,0.000401159,0.000407289,0.000414016,0.00041604,1
5.38E-05,0.000113658,0.000144197,0.000168137,0.000172891,0.00018274,0.00018608,0.000216928,0.000254067,0.000263106,0.000300557,0.000317481,0.000328594,0.00034564,0.000379982,0.000387575,0.000396416,0.000399303,0.000401519,0.000402608,0.000404101,0.000406881,0.000407092,0.0004186,0.000427095,0.000427593,0.000428114,0.000434355,0.000472865,0.000478467,0.000484036,0.000487621,1
9.60E-06,1.50E-05,4.84E-05,7.03E-05,0.000150212,0.000205329,0.000241798,0.000263009,0.000296606,0.000301677,0.000320741,0.000333988,0.000337217,0.000342199,0.000362101,0.000386103,0.00038635,0.000410356,0.000411992,0.000438322,0.000447324,0.000452872,0.000457175,0.000483115,0.000493509,0.000496493,0.000496821,0.000537122,0.000537534,0.000540729,0.000566521,0.000571754,1
0.00014141,0.000155603,0.000157942,0.000162695,0.000211685,0.000251748,0.000280778,0.000294679,0.000337958,0.00034013,0.000388622,0.000413271,0.000424867,0.000427891,0.000445756,0.000470457,0.0004733,0.000478992,0.000514365,0.000518061,0.000518162,0.000527675,0.000537026,0.000544261,0.000574755,0.000581376,0.000581476,0.000584759,0.000591714,0.000600649,0.000601762,0.00060535,1
3.46E-05,5.89E-05,0.000108003,0.000155406,0.000189933,0.000199729,0.000252715,0.000254371,0.000257829,0.000290063,0.00030764,0.000312877,0.00031735,0.000337175,0.000341473,0.000350384,0.000391393,0.000392722,0.000400422,0.000401396,0.000402621,0.000407171,0.000411374,0.00041184,0.00041296,0.000417961,0.000418636,0.000426522,0.000429655,0.000430716,0.000447824,0.000448112,1
9.98E-05,0.00010053,0.000131026,0.00017139,0.000178799,0.00019353,0.000194697,0.000196591,0.000228806,0.000249935,0.000253266,0.000254337,0.000261466,0.000262658,0.00027813,0.000317925,0.000322057,0.000325122,0.000364015,0.000370992,0.000380897,0.000381919,0.00038372,0.000389051,0.000395156,0.00041314,0.000416595,0.000418531,0.00044493,0.000449355,0.000450492,0.000450815,1
5.46E-05,9.49E-05,9.90E-05,0.000157474,0.000158458,0.000211672,0.000231459,0.000256076,0.000267247,0.000271242,0.00027219,0.000272761,0.000285229,0.000292331,0.000293983,0.000316032,0.000336303,0.000343665,0.00036939,0.00037474,0.000382537,0.000400383,0.000405466,0.000409732,0.000414923,0.000421359,0.000423277,0.000448663,0.000485799,0.000491205,0.00049512,0.000495334,1
9.66E-06,3.23E-05,6.96E-05,0.000122963,0.000213042,0.000227988,0.000237449,0.000242338,0.000259985,0.000262551,0.000270488,0.000316231,0.000324867,0.000361436,0.000381672,0.000411876,0.000417525,0.00045393,0.000455694,0.000461079,0.000465239,0.000473789,0.000489105,0.000493546,0.000499806,0.000510657,0.000516248,0.000531625,0.000534642,0.000534677,0.000536334,0.000541921,1
0.000106034,0.000207773,0.000238899,0.000240754,0.000245342,0.000260795,0.000286284,0.000296314,0.000311325,0.000314429,0.000325027,0.00033157,0.00033521,0.000339831,0.000353033,0.000370749,0.000382957,0.000385689,0.000395273,0.000404632,0.000423557,0.00043086,0.000443356,0.000449451,0.000454474,0.000464851,0.00046508,0.000486402,0.000496212,0.000498923,0.000503683,0.00050999,1
3.03E-05,4.88E-05,8.68E-05,0.000126258,0.000129509,0.000161998,0.000163544,0.000163745,0.00018678,0.000194406,0.000196495,0.000199145,0.000221149,0.00022484,0.000227588,0.000237025,0.000248003,0.000280563,0.000294513,0.000299931,0.000304,0.000330693,0.000331728,0.000333799,0.000343959,0.000359576,0.000365856,0.000366282,0.000366855,0.000368065,0.00037046,0.000384807,1
7.86E-05,0.000101692,0.000127089,0.000131192,0.000136484,0.000136552,0.000151456,0.000166916,0.000179815,0.000180585,0.000185032,0.000210463,0.000236442,0.000243819,0.000245086,0.00024517,0.000262254,0.000275593,0.000284058,0.00028886,0.000291571,0.00030118,0.000322271,0.000325182,0.000338459,0.000339034,0.000362659,0.000363479,0.000368538,0.00037957,0.000406278,0.000408028,1
0.000116566,0.000131159,0.000134663,0.00016517,0.000196276,0.000230815,0.000236573,0.00024629,0.000249797,0.000250737,0.000277203,0.000277803,0.000285196,0.000295907,0.000303672,0.000344265,0.000370798,0.000374128,0.000374767,0.000381188,0.000381917,0.000423022,0.000427111,0.000429403,0.000429693,0.000439812,0.00044877,0.000459159,0.000461977,0.000463647,0.000471555,0.000481469,1
8.66E-05,0.00011263,0.000125205,0.000139254,0.00014024,0.000166914,0.000177006,0.000183773,0.000198954,0.000204804,0.000211699,0.000212483,0.000214916,0.000224245,0.000251489,0.000290993,0.000293349,0.000310841,0.000318005,0.000335555,0.000347914,0.000359636,0.000366847,0.000367051,0.000377928,0.000379931,0.000385665,0.00041005,0.000427303,0.000432568,0.0004356,0.000450719,1
5.51E-05,0.0001144,0.000208512,0.000240463,0.000246183,0.000288449,0.000290313,0.000302661,0.000312062,0.000321969,0.000333932,0.000337333,0.000344826,0.000351964,0.000354302,0.00036399,0.000389095,0.000403709,0.000408453,0.000426146,0.000447567,0.00044799,0.000478082,0.000481967,0.000495299,0.000498521,0.000499325,0.000499354,0.000502551,0.000503519,0.00051231,0.000514185,1
1.28E-05,2.69E-05,0.000106644,0.000156244,0.000170988,0.000190352,0.000192684,0.000227537,0.00022755,0.000243224,0.00025268,0.000260972,0.000264891,0.000274174,0.000278554,0.000285559,0.000295007,0.000298942,0.000306627,0.000306952,0.000317726,0.00034447,0.000349855,0.000355437,0.000356874,0.000366644,0.000383217,0.000388265,0.000388917,0.000397406,0.000414818,0.000421081,1
2.29E-05,6.55E-05,9.49E-05,0.000113613,0.000118694,0.00012349,0.000135888,0.00014203,0.000142154,0.000156128,0.000181632,0.000196273,0.000215575,0.000230112,0.000240535,0.000255,0.000266348,0.000283435,0.00031235,0.000312366,0.000347073,0.000363824,0.000369451,0.000381262,0.000385305,0.000401863,0.000420325,0.000446285,0.000447247,0.000449984,0.000463064,0.000470029,1
4.17E-05,0.000144885,0.000184467,0.000189936,0.000207292,0.000224202,0.000224749,0.000230072,0.000230812,0.000239318,0.00024422,0.000246333,0.000248109,0.000250069,0.00025486,0.000270176,0.000271465,0.000285342,0.000290047,0.000299708,0.000329049,0.000332112,0.000338575,0.000355845,0.000355884,0.000359518,0.000368749,0.000386631,0.000414273,0.000427336,0.000447051,0.000457728,1
5.43E-05,6.79E-05,0.000103159,0.00014624,0.000189046,0.000209043,0.000220876,0.000234871,0.000241364,0.000247041,0.000249215,0.000252934,0.000254322,0.000271838,0.00027261,0.000276252,0.000280151,0.000290275,0.000293833,0.000295363,0.000297867,0.000299877,0.000302181,0.000314819,0.000318696,0.000321802,0.000322666,0.000336719,0.000338089,0.000338751,0.000345395,0.000390248,1
2.19E-05,3.84E-05,8.48E-05,9.43E-05,0.000102445,0.0001195,0.00012151,0.000191251,0.000204313,0.000218549,0.000219989,0.000261325,0.00026316,0.000273483,0.000285082,0.000295712,0.000296017,0.000296659,0.000299289,0.000320519,0.000346755,0.000350691,0.000353295,0.000355401,0.000361327,0.000362668,0.000368421,0.000381835,0.000393784,0.000398586,0.000422775,0.000426296,1
4.19E-05,8.18E-05,0.000132718,0.000153316,0.00016082,0.000175853,0.000182897,0.000199349,0.000217207,0.000219738,0.00022242,0.000234501,0.000238728,0.000242676,0.000257476,0.000262299,0.000265651,0.000278538,0.000292073,0.00030321,0.000304998,0.000305154,0.000322727,0.000327243,0.000347675,0.000348373,0.000350125,0.000351102,0.000355248,0.000375595,0.000377859,0.000427255,1
6.24E-05,0.000130233,0.000132594,0.000135826,0.000144721,0.000152002,0.00016787,0.000172026,0.000203309,0.000206108,0.000213135,0.000218074,0.000222126,0.000225854,0.000232307,0.000234536,0.000236133,0.000251145,0.000260867,0.000264764,0.000271531,0.000281166,0.000290827,0.000300168,0.000311097,0.000317901,0.000333163,0.000341096,0.000350169,0.000354059,0.000369846,0.000371747,1
5.30E-05,7.02E-05,8.04E-05,0.000278443,0.000309392,0.000340928,0.000348891,0.000357274,0.000359434,0.000361526,0.000369414,0.000380958,0.00038791,0.000406943,0.000412762,0.000418616,0.000424626,0.000425656,0.00043074,0.000434659,0.000437477,0.00043884,0.000439533,0.000454077,0.000454292,0.000474374,0.000481121,0.000489835,0.000514583,0.000521953,0.00052724,0.00053045,1
8.64E-05,0.000121081,0.00013534,0.000135976,0.000136958,0.000154252,0.000162787,0.000174739,0.000189472,0.00019142,0.000215885,0.000218779,0.000229475,0.000242265,0.000248053,0.000268205,0.000276981,0.000277087,0.00029872,0.000304133,0.000320201,0.000326778,0.000330969,0.000338038,0.000347358,0.000357481,0.000360062,0.000371891,0.000393362,0.000397748,0.000408168,0.000418783,1
9.77E-05,0.000148568,0.000167169,0.000181965,0.000191015,0.000193648,0.00020122,0.000207773,0.000213451,0.000226633,0.00023456,0.000236591,0.000260597,0.000267752,0.000275423,0.000303164,0.00031258,0.000321529,0.000326496,0.000342298,0.000361559,0.000363298,0.00037517,0.000378257,0.000393253,0.000398492,0.000413672,0.000427375,0.000444716,0.000448635,0.000455884,0.000476839,1
5.16E-05,8.52E-05,9.35E-05,0.000116751,0.000123363,0.000160024,0.000162135,0.000181213,0.00018539,0.000193747,0.000216738,0.000291032,0.000295844,0.000311026,0.000313727,0.000315722,0.000321858,0.000336728,0.000337926,0.000343139,0.000372357,0.000383894,0.000388057,0.000388716,0.000390485,0.000394611,0.00039689,0.000405197,0.000405835,0.000410904,0.000419865,0.000423876,1
0.000207334,0.000216323,0.000252552,0.000268213,0.000299386,0.000313256,0.00032518,0.000331765,0.000333647,0.00033824,0.000349715,0.000352524,0.000357091,0.000366686,0.00037746,0.00039009,0.000411216,0.00042877,0.000428843,0.000429904,0.00043405,0.000444284,0.000445896,0.000451369,0.000460336,0.000460666,0.000466898,0.000467694,0.000471414,0.00047199,0.000492868,0.000513274,1
7.28E-05,7.64E-05,0.000108003,0.000126477,0.000152464,0.000160519,0.00019816,0.000222644,0.000242116,0.000252326,0.000257793,0.000276165,0.000278806,0.000290373,0.000295004,0.000307083,0.000319107,0.000327046,0.000328924,0.000329762,0.000332264,0.000335081,0.00033576,0.000343677,0.000344926,0.000350735,0.000353507,0.000359865,0.000388685,0.000390794,0.000400458,0.000410835,1
5.04E-05,0.000148509,0.00016152,0.00016837,0.000185678,0.000199284,0.00020116,0.000287289,0.000291288,0.000316477,0.000343853,0.000344881,0.000363871,0.000370555,0.000371741,0.000381003,0.000386813,0.000388514,0.000396814,0.00042583,0.000427167,0.000430529,0.000444258,0.00045091,0.000461182,0.000464396,0.00046839,0.000468483,0.000471128,0.000473187,0.000474575,0.000474889,1
1.83E-05,4.27E-05,0.000110074,0.00014553,0.00017462,0.000221133,0.000241849,0.000274925,0.000277828,0.000283964,0.000314667,0.000315248,0.00032315,0.000323548,0.000329772,0.000333932,0.000335822,0.00034487,0.000345993,0.000354039,0.000373265,0.000376739,0.000378729,0.000379764,0.000387599,0.0003943,0.000408934,0.00041231,0.000421123,0.000428219,0.000428321,0.000430538,1
3.44E-05,5.57E-05,6.78E-05,8.79E-05,9.42E-05,0.000103905,0.000147638,0.000156968,0.00016275,0.000171151,0.000192818,0.000207259,0.000222684,0.000239198,0.00024748,0.000285251,0.000289645,0.00029225,0.00030124,0.000325621,0.000332846,0.000348115,0.000364753,0.000374187,0.00037525,0.000390775,0.00039906,0.000419735,0.000422306,0.000424583,0.00043685,0.000457033,1
5.92E-06,0.000129779,0.000159698,0.000207254,0.000225108,0.000232312,0.000257301,0.00026326,0.000266863,0.000269738,0.000277616,0.000281658,0.000292884,0.00031512,0.000332107,0.000344657,0.000345536,0.000359323,0.000394115,0.0003996,0.000403084,0.0004124,0.000412639,0.000432295,0.000436559,0.000438437,0.000440935,0.000442418,0.000472135,0.000475974,0.000476369,0.000490847,1
5.92E-06,0.000129779,0.000159698,0.000207254,0.000225108,0.000232312,0.000257301,0.00026326,0.000266863,0.000269738,0.000277616,0.000281658,0.000292884,0.00031512,0.000332107,0.000344657,0.000345536,0.000359323,0.000394115,0.0003996,0.000403084,0.0004124,0.000412639,0.000432295,0.000436559,0.000438437,0.000440935,0.000442418,0.000472135,0.000475974,0.000476369,0.000490847,1
5.71E-05,7.10E-05,0.00011719,0.00013045,0.000133973,0.000151132,0.000167138,0.000182158,0.000188189,0.000195639,0.000208102,0.000234341,0.000238403,0.000240539,0.00024724,0.000258332,0.000262065,0.000272017,0.00027306,0.000277827,0.000293512,0.00029459,0.000328124,0.000339056,0.000347167,0.00034847,0.00036117,0.000361201,0.00036824,0.0003776,0.000382107,0.00039597,1
4.10E-05,0.000111049,0.000111349,0.0001248,0.000144347,0.000148041,0.000163208,0.000167636,0.000182402,0.000209373,0.000221217,0.000232053,0.000275834,0.000289232,0.000294755,0.000309497,0.000344211,0.000349455,0.000352259,0.000355441,0.00037466,0.000388866,0.000397459,0.000398783,0.000406651,0.0004124,0.000415558,0.000458968,0.000460336,0.000475115,0.000485969,0.000491588,1
5.08E-05,0.000110778,0.000141327,0.00014309,0.000172847,0.000185077,0.000202314,0.000221429,0.000225087,0.000230576,0.000235831,0.000244965,0.000251827,0.00027143,0.000271471,0.000272491,0.000277745,0.000287198,0.000297157,0.000298383,0.000300364,0.0003073,0.000325964,0.000326163,0.000343021,0.000344478,0.000364699,0.000389081,0.000443669,0.000447486,0.000461709,0.000461751,1
5.57E-05,0.000131784,0.000177293,0.000225831,0.000228966,0.000246308,0.000299025,0.000327458,0.000379237,0.000389689,0.000411581,0.000417572,0.000462063,0.000470833,0.000485194,0.000504778,0.000520502,0.000535633,0.000537025,0.000542556,0.000549141,0.000549411,0.000564521,0.000565451,0.00056753,0.000574239,0.000588361,0.000596714,0.000606224,0.000609344,0.000614198,0.00061872,1
8.34E-05,0.000107951,0.000110954,0.000144538,0.000201149,0.000219713,0.000247059,0.000247284,0.000261052,0.00029384,0.000300023,0.000307141,0.000314526,0.000323579,0.000351604,0.000352776,0.000358905,0.000359762,0.000361495,0.000368345,0.00037661,0.000381654,0.000391991,0.000400648,0.00040881,0.000408937,0.000447364,0.000449081,0.000449594,0.000460862,0.000463272,0.000468008,1
7.35E-05,7.95E-05,8.21E-05,8.30E-05,0.000137631,0.000183171,0.000221402,0.000238031,0.000241576,0.000243459,0.000261975,0.000265174,0.000300074,0.000301788,0.000334052,0.00035242,0.000361946,0.000364462,0.000364683,0.000366519,0.00040336,0.000435084,0.000438349,0.000445548,0.000447058,0.000448524,0.000468719,0.000470593,0.000478478,0.000486742,0.000487893,0.000511376,1
0.000102867,0.000103407,0.00018036,0.000188656,0.000192231,0.000195812,0.000199554,0.000206764,0.000214236,0.000248542,0.000254581,0.000302391,0.000307215,0.000326571,0.000339785,0.000340875,0.000348182,0.000348486,0.000360996,0.000365777,0.000398505,0.000405911,0.000406951,0.000424296,0.000447621,0.000453813,0.000466385,0.000485188,0.000507206,0.000507405,0.000508531,0.000516927,1
0.000124027,0.000146191,0.000161073,0.00017029,0.000170597,0.000180081,0.000180134,0.000180545,0.000202142,0.000245273,0.000251298,0.000258869,0.000264358,0.000265089,0.00027756,0.000285242,0.000300489,0.000307388,0.000322823,0.000323716,0.000326717,0.000332218,0.000366861,0.000394381,0.000399987,0.000401291,0.000422045,0.000422507,0.00042678,0.000428001,0.000428798,0.000458476,1
0.000118341,0.000141975,0.000175884,0.000185809,0.000190182,0.00022198,0.000227192,0.000227601,0.000227788,0.000228932,0.000268715,0.000287174,0.000307712,0.000311915,0.000344335,0.000356175,0.000380732,0.000396807,0.000397039,0.000398966,0.00045099,0.000452464,0.000458057,0.000463123,0.000467848,0.000484283,0.000484478,0.000489495,0.000493218,0.000494624,0.000505689,0.000511744,1
0.000126974,0.000129748,0.000157895,0.000161918,0.000231048,0.0002496,0.000261763,0.000265431,0.000270197,0.00028608,0.000289966,0.000308864,0.000312992,0.000314682,0.000351795,0.000369402,0.000376267,0.000382217,0.000393957,0.000404087,0.000412435,0.000417037,0.000426799,0.000429193,0.000451609,0.000459467,0.000462817,0.000480328,0.000484124,0.000485292,0.00049074,0.000494583,1
4.69E-05,0.000142842,0.000174262,0.000182478,0.000195299,0.000195385,0.000202352,0.000204853,0.000219537,0.000219943,0.000222697,0.000257555,0.000259027,0.000282794,0.000300984,0.000303272,0.000306033,0.000325558,0.000369,0.00037537,0.000433425,0.000438142,0.000446324,0.000461759,0.000464078,0.000469572,0.000474065,0.0004909,0.000492401,0.000494057,0.000502955,0.000509195,1
0.000191549,0.000218062,0.000221266,0.00023412,0.000234325,0.000236755,0.000262172,0.000270318,0.000275338,0.000283338,0.00029174,0.000327908,0.000339221,0.000340617,0.000355487,0.000362321,0.000373863,0.00038411,0.000385933,0.000392716,0.000410664,0.000419453,0.00042117,0.000428164,0.000430293,0.000437036,0.000445542,0.000447362,0.000477811,0.000478035,0.00048511,0.000490633,1
1.70E-05,8.52E-05,0.000124422,0.000129252,0.000166538,0.00017559,0.000179477,0.000184698,0.000187607,0.00019395,0.000234277,0.000242148,0.000247174,0.000250583,0.000254745,0.000257036,0.000257119,0.000261589,0.000263318,0.000283396,0.00028561,0.00029278,0.000300705,0.000339705,0.000344775,0.000352083,0.000394958,0.00039715,0.000406319,0.000407427,0.000432508,0.000443758,1
3.18E-05,8.19E-05,8.60E-05,9.84E-05,9.97E-05,0.00010744,0.000115605,0.000137008,0.000155966,0.00018139,0.000183356,0.000203014,0.000285135,0.00028943,0.0003001,0.000302388,0.000331589,0.000334916,0.000359463,0.00037558,0.0003842,0.000398851,0.000402349,0.000410416,0.00041455,0.000418883,0.00042917,0.000446238,0.000451374,0.000451377,0.000454416,0.000456083,1
5.35E-05,0.000111672,0.00015837,0.000166246,0.000172786,0.00017693,0.000177313,0.000182106,0.000203285,0.000244803,0.000246702,0.000269115,0.000324934,0.000330361,0.000346917,0.000358716,0.000385234,0.000398508,0.000399018,0.000402603,0.000413032,0.000413078,0.000418309,0.000429729,0.000441836,0.000459562,0.000470094,0.000471342,0.000477512,0.000478646,0.000489147,0.000498491,1
7.35E-05,0.000111349,0.000182041,0.000191208,0.000211211,0.000213017,0.000271846,0.000290786,0.000308546,0.000342042,0.00034861,0.00035269,0.000366719,0.000384298,0.000388501,0.000418605,0.000434161,0.000450054,0.000451695,0.000459332,0.000482129,0.000495014,0.00049698,0.000515336,0.000515389,0.000523488,0.000535395,0.00054289,0.000547194,0.00055759,0.000584908,0.000587337,1
0.000144327,0.000145912,0.000155948,0.00021561,0.000220645,0.00022217,0.000242283,0.000269081,0.000300787,0.000334187,0.000334528,0.000353566,0.000376475,0.000381386,0.000397446,0.000404638,0.000420696,0.000433981,0.000442781,0.000443835,0.000465427,0.000466818,0.000478445,0.000484533,0.000493113,0.000495989,0.000496568,0.000499798,0.000502729,0.00051713,0.000517427,0.000519707,1
0.00010482,0.000144374,0.000150592,0.000153684,0.000154966,0.000218493,0.000235292,0.000249943,0.000277488,0.000301558,0.000326104,0.00034128,0.000356921,0.000386767,0.000386826,0.000391106,0.000397953,0.000403105,0.000404574,0.000424453,0.000425947,0.000453592,0.000457746,0.00045787,0.000460656,0.00046167,0.000473951,0.000478413,0.000496972,0.000518296,0.00052443,0.000529716,1
0.000102576,0.000202428,0.000205588,0.000244323,0.000263039,0.000275496,0.00028874,0.000297604,0.000303828,0.000307748,0.000316797,0.000316865,0.000324481,0.000335871,0.000341436,0.000343331,0.000359049,0.000362216,0.000372239,0.000380517,0.000385541,0.000391147,0.000393055,0.000397798,0.00039929,0.000405102,0.000407344,0.000436679,0.000449938,0.000452855,0.00046201,0.000477923,1
5.27E-05,8.84E-05,0.000125251,0.000168382,0.000175465,0.00017699,0.000203972,0.000222006,0.000225612,0.000238913,0.000271306,0.000288218,0.000298301,0.000307842,0.000324898,0.000348507,0.000351589,0.000383597,0.000395741,0.000404767,0.000426273,0.000435328,0.000448431,0.000453425,0.000455062,0.000456109,0.000462862,0.000465183,0.000466447,0.000475819,0.000481197,0.000487761,1
0.000188993,0.000198825,0.000223374,0.000239431,0.000240297,0.000242077,0.000264858,0.00026513,0.00036363,0.000364338,0.000383983,0.000429304,0.000451524,0.000452931,0.000454556,0.000455959,0.000463874,0.000474516,0.000477845,0.000486264,0.000520996,0.000531221,0.000533472,0.000536995,0.000538639,0.000556849,0.000559246,0.000574675,0.000584485,0.000590824,0.000597408,0.000597591,1
8.03E-05,0.00010678,0.000118171,0.000191325,0.00019964,0.000229335,0.000245528,0.000276692,0.000305408,0.000329861,0.000342882,0.000349624,0.000370019,0.00037731,0.000378119,0.000379852,0.000394575,0.000401911,0.00041123,0.000412723,0.00042359,0.000425246,0.00045964,0.000460799,0.000471242,0.000479211,0.000483536,0.000488442,0.000507871,0.000522205,0.000539249,0.00054598,1
4.55E-05,7.16E-05,0.000115506,0.00012392,0.000135265,0.000149058,0.0001607,0.000164759,0.000189642,0.000252037,0.000281767,0.000283612,0.000288402,0.000292062,0.00030591,0.00032031,0.000329667,0.000341429,0.000345076,0.000349743,0.000356043,0.000359758,0.000377517,0.000382754,0.000393723,0.00042417,0.000425228,0.000449192,0.000457417,0.000476397,0.000487297,0.000488931,1
0.000162827,0.000175429,0.000197463,0.000201401,0.000212736,0.000249317,0.000285127,0.00029656,0.000318562,0.000327266,0.000330678,0.000334079,0.000336383,0.000337034,0.000340273,0.000359726,0.000359963,0.000365403,0.000374235,0.000380755,0.000391187,0.00040444,0.000426989,0.000428536,0.000449218,0.000460763,0.000463747,0.000475794,0.000478684,0.000489279,0.000495721,0.000502512,1
9.55E-05,0.000102948,0.000169106,0.000208873,0.000215111,0.000235235,0.000256598,0.000265993,0.00027378,0.000285557,0.000306946,0.00031911,0.000341807,0.00036047,0.000365104,0.000415057,0.000419512,0.000420954,0.00042701,0.000428281,0.00044305,0.000450038,0.000460148,0.000471627,0.000476896,0.000483295,0.00048726,0.00049877,0.000504631,0.00051345,0.000513712,0.000517222,1
8.59E-05,9.94E-05,0.000147515,0.000155122,0.000194643,0.00020706,0.000225012,0.000230259,0.0002419,0.000270553,0.000282807,0.000304902,0.00032711,0.000329631,0.000349168,0.000360818,0.000368656,0.000369576,0.000378381,0.000384239,0.00039314,0.00039318,0.000395504,0.000396017,0.000399319,0.000408255,0.000409755,0.000415896,0.000419189,0.000428529,0.000459627,0.00046556,1
8.80E-05,0.000144339,0.000166902,0.000187558,0.000188593,0.000202952,0.000211172,0.000215991,0.00021835,0.000227545,0.00022876,0.000253613,0.000262636,0.000299976,0.000304179,0.000344517,0.000371538,0.000404182,0.000414478,0.000419599,0.000422399,0.000422842,0.000424745,0.000430857,0.000431027,0.000432093,0.000437049,0.000440153,0.000447861,0.00045638,0.000474299,0.00048767,1
5.65E-05,0.00016755,0.000191203,0.000240466,0.000252705,0.000269793,0.000276018,0.000304807,0.000327294,0.000346121,0.000351878,0.000360533,0.00036118,0.0003821,0.000385037,0.000386828,0.000392976,0.000404282,0.000406344,0.000428269,0.000429087,0.000455709,0.00045861,0.000489723,0.000489832,0.000490192,0.000508468,0.000511231,0.000514723,0.000520104,0.00052982,0.00054744,1
3.47E-05,0.000105387,0.000125887,0.000128713,0.000157873,0.000168726,0.00021395,0.00026648,0.000274908,0.000286712,0.000305446,0.000335872,0.000348453,0.000349354,0.000364975,0.000383098,0.000424988,0.000436849,0.000451677,0.000458477,0.000479658,0.000485084,0.000508212,0.000508559,0.000521711,0.000524366,0.00052447,0.000528387,0.000536141,0.000536735,0.000540048,0.000545077,1
4.48E-05,5.96E-05,6.42E-05,6.67E-05,7.56E-05,0.000154046,0.000163314,0.000174859,0.00018666,0.000205642,0.000206184,0.00020902,0.000260007,0.000260646,0.000278239,0.000281598,0.000285318,0.000314317,0.000362255,0.000376101,0.000383958,0.000394572,0.000396102,0.000413336,0.000417617,0.000427773,0.000427909,0.000439331,0.000469097,0.000470293,0.000473218,0.000475779,1
0.000104112,0.00020005,0.000208773,0.000251365,0.000276565,0.000338512,0.000346737,0.000347243,0.000370448,0.000377123,0.000402315,0.000408403,0.000412744,0.000423743,0.000423927,0.000425088,0.000425295,0.000436179,0.000443603,0.00044901,0.000466778,0.000505604,0.000515476,0.000517452,0.000526365,0.000529746,0.000534894,0.000535038,0.00053625,0.000539257,0.000542913,0.000550725,1
0.000142163,0.000152947,0.000153379,0.000201336,0.000208348,0.000222353,0.000225507,0.000232125,0.000251154,0.00029149,0.00029535,0.000296237,0.000305755,0.000320166,0.000337857,0.000371308,0.000375652,0.000377146,0.00042632,0.000429243,0.000443316,0.000444049,0.000446617,0.000454169,0.000455666,0.000456381,0.000460414,0.000467997,0.000469518,0.000471955,0.000498997,0.00050041,1
5.72E-05,9.82E-05,0.000138358,0.000149125,0.000154867,0.000165421,0.000195953,0.000213018,0.000238231,0.000259294,0.000270367,0.000280553,0.000282469,0.000315603,0.000321732,0.000331501,0.000335988,0.000353526,0.000356436,0.00037322,0.000375281,0.000380426,0.000381025,0.000386646,0.000416335,0.000436983,0.000447903,0.0004568,0.00048128,0.000495481,0.000499903,0.000504801,1
6.63E-05,0.000252816,0.000268729,0.000313186,0.000322184,0.000329997,0.000337332,0.00033851,0.000346848,0.000360664,0.000392827,0.000398447,0.000411567,0.000428524,0.000436509,0.000447839,0.000467036,0.000475915,0.000478536,0.000512554,0.000550758,0.000556494,0.000568903,0.000571007,0.000574885,0.000581677,0.000583721,0.00059323,0.000594201,0.000598742,0.000619254,0.000635121,1
4.34E-05,0.000101963,0.000119521,0.000124501,0.00013321,0.000248588,0.000258457,0.000261208,0.00026579,0.000266243,0.000270822,0.000320018,0.000321732,0.000333204,0.000334571,0.000337179,0.000348287,0.000354161,0.000357266,0.000370027,0.000383171,0.000400482,0.00042577,0.000441186,0.00044495,0.000447398,0.000454242,0.000466474,0.000477384,0.000482092,0.000487847,0.000494385,1
2.86E-05,0.000124497,0.000137326,0.000162864,0.000264914,0.000335228,0.000340788,0.000348034,0.000350211,0.00035511,0.000363342,0.000412279,0.000422719,0.000423328,0.000423739,0.000426282,0.000433206,0.000442802,0.000444436,0.000492512,0.000528934,0.000529657,0.00053167,0.000544128,0.000554402,0.000564405,0.000565211,0.0005663,0.000569527,0.000571808,0.000572429,0.000577722,1
0.000134058,0.000134678,0.000147142,0.000219033,0.000240483,0.000240559,0.00024847,0.000252605,0.000262436,0.000264916,0.000276822,0.000277435,0.000294157,0.000299229,0.000304086,0.000311074,0.000312704,0.000320896,0.000325064,0.000327693,0.00033741,0.000359648,0.000365783,0.000372212,0.000397019,0.000424352,0.000432029,0.000438457,0.000441146,0.00045372,0.00046869,0.000474877,1
3.43E-05,8.74E-05,0.000106703,0.000113503,0.000148582,0.000165573,0.000234964,0.000238048,0.000271409,0.000283343,0.000285463,0.000287313,0.000311619,0.000344108,0.000344574,0.00034939,0.000372089,0.000383363,0.000409811,0.000426348,0.000441461,0.000453941,0.000462429,0.000463178,0.000465562,0.000471732,0.000492538,0.000500703,0.000523483,0.000529504,0.000530506,0.000540356,1
9.73E-05,0.000128279,0.000195725,0.000200334,0.000207335,0.000223149,0.000226214,0.000236057,0.00023766,0.000238793,0.000272184,0.000287871,0.000303693,0.000303706,0.000316231,0.000333394,0.000336462,0.000341146,0.000355786,0.000377048,0.000379442,0.000389439,0.000397761,0.000404502,0.000405537,0.000416949,0.000432735,0.000439605,0.000441753,0.000446555,0.000452757,0.000453218,1
0.000139124,0.000139727,0.000143387,0.000168269,0.000170442,0.000172534,0.000172759,0.000173521,0.000175138,0.000183157,0.000188074,0.00019903,0.000210167,0.000213421,0.000221393,0.0002256,0.000253388,0.000269833,0.000273128,0.000279359,0.000283476,0.000288404,0.000300383,0.000319152,0.000322436,0.000327501,0.000334492,0.00033516,0.000335286,0.000352319,0.00036218,0.000374355,0
0.000120401,0.000166562,0.000167084,0.000182389,0.000210494,0.000219795,0.000228054,0.000267633,0.000271771,0.000281792,0.000313621,0.00031664,0.000318872,0.000322387,0.000333781,0.000350491,0.000355584,0.000358654,0.000374728,0.000381739,0.000396423,0.000398522,0.000400822,0.000422477,0.000447514,0.000449842,0.000461479,0.000464724,0.000465459,0.000484531,0.000488692,0.000488966,0
2.34E-05,0.000109183,0.000187619,0.000206858,0.000262592,0.000267856,0.000291455,0.000331616,0.000339139,0.000386872,0.000392853,0.000458036,0.000481631,0.000494702,0.000505455,0.000507761,0.000508635,0.000541615,0.000571975,0.000583481,0.000596056,0.000603886,0.000610834,0.000611738,0.000615114,0.000648698,0.000673469,0.000674203,0.000716007,0.000717301,0.000721032,0.000737927,0
0.000105779,0.0002171,0.000229694,0.000273358,0.000306018,0.000325697,0.000330946,0.000344748,0.000346396,0.00036763,0.000370801,0.000410112,0.000430918,0.000444721,0.000446356,0.000456558,0.000468744,0.000474583,0.000508481,0.000520645,0.000529468,0.000536174,0.000566281,0.000592402,0.000598161,0.000599656,0.00062959,0.00063263,0.000634474,0.000636523,0.000642701,0.00064397,0
0.000103635,0.000116251,0.000144299,0.00022993,0.000233425,0.000241075,0.00025361,0.000264672,0.000310639,0.000316518,0.000317642,0.000321563,0.000323304,0.000353245,0.000355464,0.000364523,0.000380191,0.000389515,0.000405311,0.000417144,0.000427863,0.000437833,0.000443936,0.000457159,0.000467536,0.000485171,0.000487856,0.000494435,0.000495555,0.000503482,0.000508074,0.000517009,0
0.000149093,0.000212008,0.000222097,0.000240903,0.000243531,0.000251631,0.000269651,0.000271755,0.000276323,0.000282136,0.000283526,0.000287274,0.000293268,0.000317797,0.000318755,0.000330782,0.00033693,0.000346657,0.00035675,0.000364159,0.000372214,0.000372436,0.000390373,0.000394124,0.000400007,0.000405417,0.000414864,0.000418795,0.000420772,0.000420898,0.000431563,0.000435432,0
0.000113053,0.00011704,0.00015292,0.000154465,0.000157088,0.000219653,0.00028948,0.000337698,0.000404277,0.000422,0.000432979,0.000443169,0.00044433,0.000479974,0.000486508,0.000494732,0.000496211,0.000500477,0.000527187,0.000533012,0.000557713,0.000559595,0.000573527,0.000573916,0.00057501,0.00058643,0.000599611,0.000626825,0.000634994,0.00064523,0.000649757,0.000653924,0
1.37E-05,5.12E-05,7.23E-05,0.000119409,0.000127468,0.000154778,0.000159852,0.000184948,0.000197496,0.000216868,0.000259824,0.000288201,0.000300541,0.000304084,0.000304488,0.000312777,0.000315751,0.000317585,0.000322817,0.000335517,0.000341083,0.000342942,0.000350641,0.000363379,0.000367415,0.000378566,0.000380187,0.000386211,0.000390146,0.000402997,0.000406402,0.00040661,0
7.41E-05,9.77E-05,0.000103759,0.000105788,0.000112314,0.000162669,0.000260959,0.000312471,0.00031322,0.000314261,0.000358197,0.000377654,0.000381645,0.000388931,0.000409017,0.000413644,0.000423721,0.000432603,0.000433351,0.00044415,0.000452694,0.000465852,0.000471662,0.000501511,0.000516081,0.000525584,0.000535269,0.00054042,0.000541432,0.000542279,0.000575438,0.000585786,0
0.000143807,0.000164352,0.000188559,0.000201097,0.000207927,0.000239626,0.000336759,0.000352572,0.000353149,0.000359713,0.000369732,0.000370611,0.000390017,0.000390673,0.000397856,0.000399342,0.000402898,0.000403408,0.000433187,0.000441967,0.000473558,0.000478809,0.000493324,0.000500552,0.000511258,0.000531186,0.000533315,0.000555274,0.000556981,0.000582492,0.000598067,0.000600998,0
8.33E-05,0.000207929,0.000232865,0.000233763,0.000244691,0.000265818,0.000303104,0.000337713,0.000344392,0.000344704,0.000383183,0.000388777,0.000394344,0.000400552,0.000411482,0.000462007,0.000462019,0.000472026,0.000472669,0.00049415,0.000511277,0.000533245,0.000552199,0.000553935,0.000559722,0.000569075,0.000587126,0.000587566,0.000614475,0.000622912,0.000634704,0.000642301,0
5.56E-05,6.43E-05,0.000102039,0.00011198,0.000130791,0.000134201,0.000141091,0.000147714,0.000158046,0.000176116,0.000196058,0.000202226,0.000202742,0.000215331,0.000243453,0.000254555,0.000255775,0.000279986,0.00028767,0.000308822,0.000311672,0.00033356,0.000340004,0.000360239,0.000363538,0.000374704,0.00037637,0.000381127,0.00038509,0.000387538,0.000401277,0.000413264,0
0.000145514,0.00015051,0.000165749,0.000168481,0.000172561,0.000175908,0.000176278,0.00021647,0.000217355,0.00024078,0.000262606,0.000265222,0.000276632,0.000277152,0.000281942,0.000324002,0.000325809,0.000360219,0.000367094,0.000374022,0.000390682,0.000407866,0.000417516,0.000424916,0.000431505,0.000436104,0.000441218,0.000452386,0.000474329,0.000478153,0.000478888,0.000490406,0
9.12E-05,0.000149898,0.000175548,0.000176868,0.000199457,0.000202044,0.000220437,0.000229808,0.000257712,0.000261062,0.000261091,0.000266253,0.000327854,0.000333471,0.000356701,0.000357359,0.00038144,0.000402131,0.000433094,0.000440836,0.000449861,0.000475815,0.000483056,0.000501396,0.00051318,0.00051341,0.000534624,0.000544287,0.00054667,0.00056068,0.000569585,0.000571616,0
0.00015536,0.000165068,0.000199673,0.000221973,0.00022654,0.000232792,0.000275579,0.000279651,0.000285266,0.000313873,0.000323438,0.000328144,0.000354318,0.000358765,0.000364131,0.000380996,0.000384544,0.000389444,0.000400263,0.000402787,0.000425013,0.000437479,0.000450252,0.000455883,0.000460036,0.000466158,0.00046668,0.000483765,0.000483878,0.000493935,0.000501843,0.000533646,0
2.20E-05,3.40E-05,0.000122716,0.00012883,0.000130996,0.000155775,0.000175351,0.000180714,0.000197259,0.000219146,0.000220752,0.000220846,0.000220881,0.000227375,0.000227991,0.000235868,0.000237942,0.000245334,0.000251763,0.000254454,0.000260414,0.000273591,0.000280367,0.000284083,0.000312305,0.000312546,0.000315802,0.000321177,0.00032598,0.000327004,0.000345193,0.000346693,0
5.80E-05,7.05E-05,7.27E-05,0.000101312,0.000107129,0.000112606,0.000132665,0.00014288,0.000143836,0.000206397,0.000220562,0.000225558,0.000232067,0.000239753,0.000248698,0.000301301,0.00031349,0.000318209,0.000320433,0.000333874,0.000339894,0.000376209,0.000397509,0.000408502,0.000409555,0.00043098,0.000433819,0.000444074,0.000446715,0.000446911,0.000448648,0.000460148,0
4.64E-05,7.24E-05,7.72E-05,0.000119152,0.000175792,0.000228926,0.000247359,0.000264636,0.000265673,0.000267806,0.000274046,0.000278362,0.000297975,0.000299827,0.000312392,0.000314288,0.000314924,0.000324603,0.00033223,0.000339658,0.000342146,0.000368978,0.000370289,0.000375104,0.000375225,0.000375557,0.000386154,0.000387859,0.000434423,0.000440142,0.000441281,0.000477423,0
8.27E-05,0.000142016,0.000145451,0.000150315,0.000187698,0.000233443,0.000262706,0.000265712,0.000275228,0.000287776,0.000308495,0.000331244,0.000339005,0.000354183,0.000358572,0.000380047,0.000386615,0.000396942,0.000398691,0.000415738,0.000419376,0.000421102,0.000434566,0.000444353,0.000456186,0.000457797,0.000462298,0.00046384,0.00050595,0.000507538,0.00051586,0.000516986,0
8.80E-05,0.00014363,0.000205546,0.00020955,0.000225218,0.000232515,0.000237628,0.000250503,0.000253735,0.000281799,0.000294893,0.000313275,0.00035255,0.000368015,0.000387686,0.000396666,0.000402139,0.000404621,0.000416288,0.000422701,0.000427527,0.000453735,0.000457823,0.00046107,0.000462726,0.000463006,0.000482461,0.000483426,0.000490123,0.000492195,0.000506496,0.000516977,0
3.59E-05,5.26E-05,5.31E-05,7.09E-05,0.000106326,0.000165025,0.000174601,0.000185398,0.00022674,0.000297008,0.000323271,0.000348907,0.000349297,0.000359855,0.00036142,0.000363542,0.000377268,0.000393947,0.000394032,0.000405245,0.000412124,0.00041995,0.000441136,0.000453932,0.000455914,0.000457158,0.000459167,0.000461675,0.000464098,0.000466104,0.000479269,0.000481057,0
5.57E-05,0.000101547,0.000115739,0.00012678,0.000142998,0.000298077,0.000309827,0.000319096,0.000321167,0.000346723,0.000354038,0.000354577,0.000369921,0.000377532,0.000411807,0.000463374,0.00048668,0.000488548,0.000489127,0.000492794,0.000496284,0.000499415,0.000502783,0.000509334,0.000510136,0.000515896,0.000532424,0.000534512,0.000548731,0.00055039,0.000551013,0.000557071,0
6.10E-05,7.20E-05,9.90E-05,0.000128864,0.000163247,0.000174397,0.000178842,0.000202396,0.000203752,0.000234931,0.000241536,0.000245319,0.000255899,0.000273845,0.000274683,0.000299472,0.000311814,0.000316168,0.00034349,0.00034762,0.000358234,0.000363769,0.000368717,0.000371682,0.00038649,0.000391377,0.000400556,0.000412311,0.0004135,0.000419964,0.000440773,0.000457885,0
3.42E-05,0.000121218,0.000138537,0.000225644,0.000228046,0.00022985,0.000284036,0.000301572,0.000306558,0.000325687,0.000327723,0.000380702,0.000390624,0.000412833,0.000444096,0.000455302,0.000465638,0.000478678,0.00048669,0.000491472,0.000491838,0.000492058,0.000506711,0.000520278,0.000525443,0.000527082,0.000530076,0.00054362,0.000544977,0.000545139,0.000551128,0.00055216,0
3.02E-05,0.000149025,0.000213015,0.000213955,0.000253122,0.000255537,0.000261796,0.000321046,0.000330419,0.000345165,0.000357968,0.000384522,0.000408041,0.000408415,0.000415042,0.000418596,0.000442821,0.000443309,0.000455948,0.000474418,0.000479266,0.000492977,0.000495596,0.000496632,0.000503871,0.000525857,0.000528957,0.000539843,0.000545259,0.000545522,0.000554211,0.000558985,0
6.53E-05,0.000155321,0.000183659,0.000243586,0.000285343,0.000302564,0.00032547,0.000335526,0.000350146,0.000370825,0.000372116,0.000377093,0.000387267,0.000413179,0.000414238,0.000427459,0.000432182,0.000441921,0.000449279,0.000450298,0.000461496,0.000465999,0.000469964,0.000472889,0.000478538,0.000479186,0.000505463,0.00050669,0.000525544,0.000533069,0.000540885,0.000542202,0
0.000158123,0.000182351,0.000198064,0.000243913,0.000246435,0.00025435,0.000265536,0.000294505,0.000309678,0.000314328,0.000342433,0.000372228,0.000389526,0.000421563,0.000422082,0.000440037,0.000451683,0.000455679,0.000456261,0.000463239,0.000476149,0.000496243,0.000520819,0.000522345,0.000526522,0.000530937,0.000531348,0.000531715,0.000564963,0.000579489,0.000585326,0.000586806,0
0.000151747,0.000167494,0.000221481,0.000286245,0.000294131,0.000309034,0.000351076,0.000372241,0.000375369,0.000383108,0.000411322,0.000414527,0.000416829,0.000420217,0.000420729,0.000422994,0.000423513,0.000437643,0.000443707,0.000447726,0.000470248,0.000481274,0.000495687,0.000498134,0.00050838,0.000540924,0.000564778,0.000570142,0.000572876,0.000576698,0.000588063,0.000594113,0
2.63E-05,7.68E-05,9.36E-05,0.000118947,0.000127642,0.000162128,0.000173732,0.000174576,0.000186559,0.000197951,0.00020638,0.000212414,0.000251287,0.000270633,0.000284648,0.000288662,0.000292123,0.00029366,0.000329486,0.000348334,0.00037342,0.000403455,0.000420812,0.00042168,0.000447429,0.000453754,0.000463652,0.000466357,0.000472075,0.000484948,0.000488368,0.000489892,0
0.000133817,0.000158784,0.000173123,0.000173947,0.000205045,0.000232915,0.000255925,0.000287601,0.000313457,0.000315958,0.000339578,0.000340613,0.000350802,0.000374525,0.000381136,0.000392548,0.000400506,0.000403764,0.000414731,0.000422818,0.000428205,0.000434673,0.000471482,0.000476652,0.000484898,0.000498789,0.000520286,0.000521343,0.000554446,0.000572882,0.000573107,0.000574792,0
0.000135675,0.00019809,0.000233398,0.000244021,0.000267188,0.00026785,0.000290876,0.00030214,0.000308998,0.000324622,0.000334893,0.000348513,0.000355229,0.000368897,0.000374202,0.00038246,0.00039448,0.000401761,0.000435402,0.000439244,0.000442195,0.000447971,0.000461687,0.000474658,0.000476729,0.000487585,0.000492206,0.0005019,0.000510221,0.000510323,0.000518102,0.000526353,0
9.73E-05,0.000133024,0.000145709,0.000157834,0.000207539,0.000241264,0.000244836,0.000271115,0.000272508,0.00027824,0.000283646,0.000297472,0.000355398,0.00036834,0.000369042,0.000371575,0.000416924,0.000419735,0.000425488,0.000427069,0.000438221,0.000439511,0.000447634,0.000452994,0.000470669,0.000519107,0.000523702,0.000531999,0.000533004,0.000542104,0.000545609,0.000547652,0