1,2,3,4,5,6,7,8,9,10,11,12,13,14,15,16,17,18,19,20,21,22,23,24,25,26,27,28,29,30,31,32,33,,1,2,3,4,5,6,7,8,9,10,11,12,13,14,15,16,17,18,19,20,21,22,23,24,25,26,27,28,29,30,31,32,33,
5540,9400,15835,18511,20460,26928,27598,32955,34667,35791,35828,36495,37423,37584,37629,38161,39189,39529,40178,40561,41844,42092,43744,46274,50201,50379,51039,51438,51580,51632,52163,52501,1,,55,94,158,185,204,269,275,329,346,357,358,364,374,375,376,381,391,395,401,405,418,420,437,462,502,503,510,514,515,516,521,525,1,
7840,15292,16903,19940,20915,23474,25376,25627,26874,28260,31184,31844,31978,33233,33704,34422,35350,35424,35790,36000,36544,37093,37641,37841,37866,38873,39358,39641,40149,40542,41331,41841,1,,78,152,169,199,209,234,253,256,268,282,311,318,319,332,337,344,353,354,357,360,365,370,376,378,378,388,393,396,401,405,413,418,1,
163,8570,12785,17186,20095,20577,21261,25799,26798,26936,28052,29131,29176,31592,32464,32801,33455,34420,35032,35369,35792,36290,37860,39331,39835,40037,40669,41453,42809,47234,48022,49336,1,,1,85,127,171,200,205,212,257,267,269,280,291,291,315,324,328,334,344,350,353,357,362,378,393,398,400,406,414,428,472,480,493,1,
3840,7430,11511,13561,13810,16782,23204,24122,27359,27420,29197,29762,30532,31587,34374,36831,38436,38790,38828,40057,40537,40863,41776,41803,44159,44657,44793,45984,46542,47699,48730,48949,1,,38,74,115,135,138,167,232,241,273,274,291,297,305,315,343,368,384,387,388,400,405,408,417,418,441,446,447,459,465,476,487,489,1,
5290,7350,7950,12173,13230,18570,18901,19165,20909,25194,28007,28200,31913,32639,33092,33113,33786,36173,37253,38834,39570,42778,42800,42850,42892,43670,44075,44756,45455,45479,45964,47739,1,,52,73,79,121,132,185,189,191,209,251,280,282,319,326,330,331,337,361,372,388,395,427,428,428,428,436,440,447,454,454,459,477,1,
7320,21256,22234,22262,23090,23273,24655,25949,28122,29729,31044,31702,33317,33374,33395,33723,34997,35451,37205,37611,39227,39233,40168,40172,40399,40465,41354,42603,42883,42987,43715,44818,1,,73,212,222,222,230,232,246,259,281,297,310,317,333,333,333,337,349,354,372,376,392,392,401,401,403,404,413,426,428,429,437,448,1,
4950,5130,8240,13412,17402,20241,21082,22363,26519,30779,31005,32233,33865,34426,35818,36001,36578,37070,37881,38543,38831,38982,39528,39715,43391,43506,43704,44981,45090,45984,47162,47752,1,,49,51,82,134,174,202,210,223,265,307,310,322,338,344,358,360,365,370,378,385,388,389,395,397,433,435,437,449,450,459,471,477,1,
7290,13294,17674,18102,19940,20795,20980,21741,25522,25659,27027,27696,28059,29313,31705,36786,36793,36986,39775,41808,41887,42583,42921,43883,45730,45906,46399,46730,47570,47600,48441,50303,1,,72,132,176,181,199,207,209,217,255,256,270,276,280,293,317,367,367,369,397,418,418,425,429,438,457,459,463,467,475,476,484,503,1,
7770,11321,13476,14184,14638,15540,18975,19362,20323,20999,21697,24217,26024,26536,33041,37015,39337,40942,43106,44544,45092,47539,49285,49440,49565,50385,51437,51915,52984,53010,53721,54510,1,,77,113,134,141,146,155,189,193,203,209,216,242,260,265,330,370,393,409,431,445,450,475,492,494,495,503,514,519,529,530,537,545,1,
9140,11067,19055,21249,21578,21970,24143,25275,26165,27767,27884,28550,31380,34499,38092,41355,41457,41807,43186,43445,43514,43645,44241,44778,45435,45481,46470,47877,47885,48041,49762,50096,1,,91,110,190,212,215,219,241,252,261,277,278,285,313,344,380,413,414,418,431,434,435,436,442,447,454,454,464,478,478,480,497,500,1,
1680,6600,7730,12648,12761,14715,17906,19660,20049,23995,25241,25935,30212,30537,31692,32950,33209,35196,36030,36418,38429,39631,40130,40299,40354,40372,41754,44653,44810,45105,45668,46932,1,,16,66,77,126,127,147,179,196,200,239,252,259,302,305,316,329,332,351,360,364,384,396,401,402,403,403,417,446,448,451,456,469,1,
7040,7740,8110,10129,14946,16321,16515,16525,21435,21852,24013,25263,26690,26882,27225,28363,29726,31188,32979,33822,35612,38089,38136,38594,39270,39502,39516,40264,40721,42150,42372,44015,1,,70,77,81,101,149,163,165,165,214,218,240,252,266,268,272,283,297,311,329,338,356,380,381,385,392,395,395,402,407,421,423,440,1,
9310,11143,13049,13260,14709,17703,18460,24225,24588,26081,28697,29407,30927,31262,31920,31963,33868,33879,36635,36851,38360,39594,39849,40118,40847,42310,43110,44835,45801,45858,46566,46918,1,,93,111,130,132,147,177,184,242,245,260,286,294,309,312,319,319,338,338,366,368,383,395,398,401,408,423,431,448,458,458,465,469,1,
2710,3050,8030,8530,16183,16478,17222,17241,18533,18755,20283,20584,22358,22573,24828,25104,27826,30646,31052,31819,31865,32919,34866,34928,35192,35272,36378,36674,36717,36873,37809,38046,1,,27,30,80,85,161,164,172,172,185,187,202,205,223,225,248,251,278,306,310,318,318,329,348,349,351,352,363,366,367,368,378,380,1,
11620,11830,12349,13049,15818,18001,19839,19976,22198,26332,26827,28918,29474,31096,31097,31489,31698,32000,33786,34448,34927,35914,36994,38643,40558,40747,42735,43444,46786,47459,47562,47678,1,,116,118,123,130,158,180,198,199,221,263,268,289,294,310,310,314,316,320,337,344,349,359,369,386,405,407,427,434,467,474,475,476,1,
12189,17135,18196,20279,23337,23966,25126,26021,30935,32621,33059,33127,35306,35836,36552,36671,36897,37749,37924,38219,39945,40454,43483,44820,44939,45149,45817,47352,47586,48290,48819,48969,1,,121,171,181,202,233,239,251,260,309,326,330,331,353,358,365,366,368,377,379,382,399,404,434,448,449,451,458,473,475,482,488,489,1,
10129,13261,16989,18260,19106,19997,20394,22566,24000,26502,28702,29007,30386,33173,34064,34793,35763,38659,38724,40335,40650,40995,41749,44579,44990,45572,46779,47488,49161,49364,49382,50055,1,,101,132,169,182,191,199,203,225,240,265,287,290,303,331,340,347,357,386,387,403,406,409,417,445,449,455,467,474,491,493,493,500,1,
4240,10313,12050,14803,21787,21935,22500,23549,24748,27156,28025,28517,29274,31154,31519,32947,33176,34136,34334,35497,37965,38249,38917,39267,42063,42424,43467,43757,44323,44440,44610,44752,1,,42,103,120,148,217,219,225,235,247,271,280,285,292,311,315,329,331,341,343,354,379,382,389,392,420,424,434,437,443,444,446,447,1,
12752,16740,21165,22727,22992,24181,24379,24510,24708,25672,28849,28919,29148,29339,30451,30706,32493,32966,33577,33613,35813,36514,37549,38431,38589,38873,42245,42502,43165,43665,44205,44793,1,,127,167,211,227,229,241,243,245,247,256,288,289,291,293,304,307,324,329,335,336,358,365,375,384,385,388,422,425,431,436,442,447,1,
6970,11851,13385,18431,19433,20622,23636,23811,24064,26476,28482,29717,31339,31786,32243,32360,33387,36832,38801,39935,40302,41149,41361,42947,45167,45607,46195,46553,48430,49800,50050,50529,1,,69,118,133,184,194,206,236,238,240,264,284,297,313,317,322,323,333,368,388,399,403,411,413,429,451,456,461,465,484,498,500,505,1,
9900,12568,14553,17925,18877,19986,21930,22130,23502,24262,24331,27426,27831,28204,29002,30106,32261,33687,34686,36023,36466,37577,37977,41900,42275,46776,47139,48438,48698,49062,49517,50950,1,,99,125,145,179,188,199,219,221,235,242,243,274,278,282,290,301,322,336,346,360,364,375,379,419,422,467,471,484,486,490,495,509,1,
876,6670,8890,16424,18381,18803,19989,20203,20272,21773,22162,23092,24267,25890,27183,28498,30538,31786,31891,33087,34093,34604,36047,36918,37091,37235,37936,38166,39956,40291,41716,41891,1,,8,66,88,164,183,188,199,202,202,217,221,230,242,258,271,284,305,317,318,330,340,346,360,369,370,372,379,381,399,402,417,418,1,
8540,10758,14876,16569,16976,17215,17785,23201,23438,26348,26505,28245,30550,31052,31073,32538,32772,33135,34160,36301,37772,38832,40151,43101,44990,46142,47479,47985,48554,49587,50034,51134,1,,85,107,148,165,169,172,177,232,234,263,265,282,305,310,310,325,327,331,341,363,377,388,401,431,449,461,474,479,485,495,500,511,1,
7900,11373,15732,16887,17493,18453,20401,20715,21335,22903,24361,24434,26285,27107,27176,28473,28913,29587,30772,32617,34012,34600,35321,35799,35962,36652,37542,37973,41763,42017,42668,46440,1,,79,113,157,168,174,184,204,207,213,229,243,244,262,271,271,284,289,295,307,326,340,346,353,357,359,366,375,379,417,420,426,464,1,
2180,2290,4660,8720,9530,13122,14834,15529,16585,18407,19648,20078,20813,21139,21201,24584,25474,27395,27404,28624,29016,29373,32302,33351,33441,34537,37161,38502,40096,40674,41385,42548,1,,21,22,46,87,95,131,148,155,165,184,196,200,208,211,212,245,254,273,274,286,290,293,323,333,334,345,371,385,400,406,413,425,1,
16100,19401,21509,22938,26921,27319,27781,29302,29509,30212,33711,34267,36912,37607,37881,38343,40631,41534,42551,43115,43768,44241,44953,44980,49773,50490,51141,51348,51589,51822,53627,54688,1,,161,194,215,229,269,273,277,293,295,302,337,342,369,376,378,383,406,415,425,431,437,442,449,449,497,504,511,513,515,518,536,546,1,
6920,12087,18634,19335,20040,21163,21413,23258,24249,24394,24507,25296,27062,28719,32019,32820,33016,33806,33904,35075,37977,40281,41964,42122,42537,42539,42784,43424,43604,44640,44891,46809,1,,69,120,186,193,200,211,214,232,242,243,245,252,270,287,320,328,330,338,339,350,379,402,419,421,425,425,427,434,436,446,448,468,1,
11042,12867,13055,20066,22611,23202,24803,25645,25851,30242,31074,32336,32892,33242,33482,33706,34628,34868,36275,36722,37129,38014,40541,41240,41527,42457,42787,42982,43378,43547,45735,46100,1,,110,128,130,200,226,232,248,256,258,302,310,323,328,332,334,337,346,348,362,367,371,380,405,412,415,424,427,429,433,435,457,461,1,
7110,11442,15309,18356,18379,19715,20946,25900,26437,27973,28830,29099,29716,30299,31324,32501,33852,34195,35955,40012,42711,44820,45475,46094,46595,49673,50778,53233,54400,55680,55839,56360,1,,71,114,153,183,183,197,209,259,264,279,288,290,297,302,313,325,338,341,359,400,427,448,454,460,465,496,507,532,544,556,558,563,1,
1740,5490,7130,10338,10689,12562,13977,15539,15953,15953,17022,19728,20220,20796,21177,23317,24401,24584,24892,25577,26341,28404,28504,29583,30143,31013,31296,31313,33157,35521,35775,36275,1,,17,54,71,103,106,125,139,155,159,159,170,197,202,207,211,233,244,245,248,255,263,284,285,295,301,310,312,313,331,355,357,362,1,
11660,11964,11985,12700,13549,13622,14161,15495,15842,19063,20854,21234,21657,22402,23733,27237,27344,31790,33034,33754,34286,34530,36412,38370,40655,41075,41154,46062,46912,46945,47840,48094,1,,116,119,119,127,135,136,141,154,158,190,208,212,216,224,237,272,273,317,330,337,342,345,364,383,406,410,411,460,469,469,478,480,1,
5860,8430,9080,10844,16191,17247,19609,25081,26577,30643,35109,35746,36580,37819,40091,42560,42835,42842,43399,43759,44083,44196,45471,45698,46094,46971,48906,49081,49193,49903,50058,50959,1,,58,84,90,108,161,172,196,250,265,306,351,357,365,378,400,425,428,428,433,437,440,441,454,456,460,469,489,490,491,499,500,509,1,
1810,1820,5510,9100,11131,12361,14024,16463,17169,17761,17842,18507,19109,21037,22978,24688,26194,26578,27577,30760,32084,33734,33735,34322,36031,36307,36391,37442,40116,40729,41402,41604,1,,18,18,55,91,111,123,140,164,171,177,178,185,191,210,229,246,261,265,275,307,320,337,337,343,360,363,363,374,401,407,414,416,1,
5380,11366,14420,16814,17289,18274,18608,21693,25407,26311,30056,31748,32859,34564,37998,38758,39642,39930,40152,40261,40410,40688,40709,41860,42710,42759,42811,43436,47287,47847,48404,48762,1,,53,113,144,168,172,182,186,216,254,263,300,317,328,345,379,387,396,399,401,402,404,406,407,418,427,427,428,434,472,478,484,487,1,
960,1500,4840,7030,15021,20533,24180,26301,29661,30168,32074,33399,33722,34220,36210,38610,38635,41036,41199,43832,44732,45287,45718,48312,49351,49649,49682,53712,53753,54073,56652,57175,1,,9,15,48,70,150,205,241,263,296,301,320,333,337,342,362,386,386,410,411,438,447,452,457,483,493,496,496,537,537,540,566,571,1,
14141,15560,15794,16270,21169,25175,28078,29468,33796,34013,38862,41327,42487,42789,44576,47046,47330,47899,51437,51806,51816,52768,53703,54426,57476,58138,58148,58476,59171,60065,60176,60535,1,,141,155,157,162,211,251,280,294,337,340,388,413,424,427,445,470,473,478,514,518,518,527,537,544,574,581,581,584,591,600,601,605,1,
3460,5890,10800,15541,18993,19973,25272,25437,25783,29006,30764,31288,31735,33718,34147,35038,39139,39272,40042,40140,40262,40717,41137,41184,41296,41796,41864,42652,42966,43072,44782,44811,1,,34,58,108,155,189,199,252,254,257,290,307,312,317,337,341,350,391,392,400,401,402,407,411,411,412,417,418,426,429,430,447,448,1,
9980,10053,13103,17139,17880,19353,19470,19659,22881,24994,25327,25434,26147,26266,27813,31793,32206,32512,36402,37099,38090,38192,38372,38905,39516,41314,41660,41853,44493,44936,45049,45082,1,,99,100,131,171,178,193,194,196,228,249,253,254,261,262,278,317,322,325,364,370,380,381,383,389,395,413,416,418,444,449,450,450,1,
5460,9490,9900,15747,15846,21167,23146,25608,26725,27124,27219,27276,28523,29233,29398,31603,33630,34367,36939,37474,38254,40038,40547,40973,41492,42136,42328,44866,48580,49121,49512,49533,1,,54,94,99,157,158,211,231,256,267,271,272,272,285,292,293,316,336,343,369,374,382,400,405,409,414,421,423,448,485,491,495,495,1,
966,3230,6960,12296,21304,22799,23745,24234,25999,26255,27049,31623,32487,36144,38167,41188,41753,45393,45569,46108,46524,47379,48911,49355,49981,51066,51625,53163,53464,53468,53633,54192,1,,9,32,69,122,213,227,237,242,259,262,270,316,324,361,381,411,417,453,455,461,465,473,489,493,499,510,516,531,534,534,536,541,1,
10603,20777,23890,24075,24534,26080,28628,29631,31133,31443,32503,33157,33521,33983,35303,37075,38296,38569,39527,40463,42356,43086,44336,44945,45447,46485,46508,48640,49621,49892,50368,50999,1,,106,207,238,240,245,260,286,296,311,314,325,331,335,339,353,370,382,385,395,404,423,430,443,449,454,464,465,486,496,498,503,509,1,
3030,4880,8680,12626,12951,16200,16354,16375,18678,19441,19650,19915,22115,22484,22759,23703,24800,28056,29451,29993,30400,33069,33173,33380,34396,35958,36586,36628,36686,36807,37046,38481,1,,30,48,86,126,129,162,163,163,186,194,196,199,221,224,227,237,248,280,294,299,304,330,331,333,343,359,365,366,366,368,370,384,1,
7860,10169,12709,13119,13648,13655,15146,16692,17982,18059,18503,21046,23644,24382,24509,24517,26225,27559,28406,28886,29157,30118,32227,32518,33846,33903,36266,36348,36854,37957,40628,40803,1,,78,101,127,131,136,136,151,166,179,180,185,210,236,243,245,245,262,275,284,288,291,301,322,325,338,339,362,363,368,379,406,408,1,
11657,13116,13466,16517,19628,23082,23657,24629,24980,25074,27720,27780,28520,29591,30367,34427,37080,37413,37477,38119,38192,42302,42711,42940,42969,43981,44877,45916,46198,46365,47156,48147,1,,116,131,134,165,196,230,236,246,249,250,277,277,285,295,303,344,370,374,374,381,381,423,427,429,429,439,448,459,461,463,471,481,1,
8660,11263,12521,13925,14024,16691,17701,18377,19895,20480,21170,21248,21492,22425,25149,29099,29335,31084,31801,33556,34791,35964,36685,36705,37793,37993,38567,41005,42730,43257,43560,45072,1,,86,112,125,139,140,166,177,183,198,204,211,212,214,224,251,290,293,310,318,335,347,359,366,367,377,379,385,410,427,432,435,450,1,
5510,11440,20851,24046,24618,28845,29031,30266,31206,32197,33393,33733,34483,35196,35430,36399,38910,40371,40845,42615,44757,44799,47808,48197,49530,49852,49933,49935,50255,50352,51231,51419,1,,55,114,208,240,246,288,290,302,312,321,333,337,344,351,354,363,389,403,408,426,447,447,478,481,495,498,499,499,502,503,512,514,1,
1280,2690,10664,15624,17099,19035,19268,22754,22755,24322,25268,26097,26489,27417,27855,28556,29501,29894,30663,30695,31773,34447,34986,35544,35687,36664,38322,38827,38892,39741,41482,42108,1,,12,26,106,156,170,190,192,227,227,243,252,260,264,274,278,285,295,298,306,306,317,344,349,355,356,366,383,388,388,397,414,421,1,
2290,6550,9490,11361,11869,12349,13589,14203,14215,15613,18163,19627,21558,23011,24054,25500,26635,28344,31235,31237,34707,36382,36945,38126,38531,40186,42033,44629,44725,44998,46306,47003,1,,22,65,94,113,118,123,135,142,142,156,181,196,215,230,240,255,266,283,312,312,347,363,369,381,385,401,420,446,447,449,463,470,1,
4170,14489,18447,18994,20729,22420,22475,23007,23081,23932,24422,24633,24811,25007,25486,27018,27147,28534,29005,29971,32905,33211,33858,35585,35588,35952,36875,38663,41427,42734,44705,45773,1,,41,144,184,189,207,224,224,230,230,239,244,246,248,250,254,270,271,285,290,299,329,332,338,355,355,359,368,386,414,427,447,457,1,
5430,6790,10316,14624,18905,20904,22088,23487,24136,24704,24922,25293,25432,27184,27261,27625,28015,29028,29383,29536,29787,29988,30218,31482,31870,32180,32267,33672,33809,33875,34540,39025,1,,54,67,103,146,189,209,220,234,241,247,249,252,254,271,272,276,280,290,293,295,297,299,302,314,318,321,322,336,338,338,345,390,1,
2190,3840,8480,9430,10245,11950,12151,19125,20431,21855,21999,26133,26316,27348,28508,29571,29602,29666,29929,32052,34676,35069,35330,35540,36133,36267,36842,38184,39378,39859,42278,42630,1,,21,38,84,94,102,119,121,191,204,218,219,261,263,273,285,295,296,296,299,320,346,350,353,355,361,362,368,381,393,398,422,426,1,
4190,8180,13272,15332,16082,17585,18290,19935,21721,21974,22242,23450,23873,24268,25748,26230,26565,27854,29207,30321,30500,30515,32273,32724,34768,34837,35013,35110,35525,37560,37786,42726,1,,41,81,132,153,160,175,182,199,217,219,222,234,238,242,257,262,265,278,292,303,305,305,322,327,347,348,350,351,355,375,377,427,1,
6240,13023,13259,13583,14472,15200,16787,17203,20331,20611,21314,21807,22213,22585,23231,23454,23613,25115,26087,26476,27153,28117,29083,30017,31110,31790,33316,34110,35017,35406,36985,37175,1,,62,130,132,135,144,152,167,172,203,206,213,218,222,225,232,234,236,251,260,264,271,281,290,300,311,317,333,341,350,354,369,371,1,
5300,7020,8040,27844,30939,34093,34889,35727,35943,36153,36941,38096,38791,40694,41276,41862,42463,42566,43074,43466,43748,43884,43953,45408,45429,47437,48112,48984,51458,52195,52724,53045,1,,53,70,80,278,309,340,348,357,359,361,369,380,387,406,412,418,424,425,430,434,437,438,439,454,454,474,481,489,514,521,527,530,1,
8640,12108,13534,13598,13696,15425,16279,17474,18947,19142,21589,21878,22948,24227,24805,26821,27698,27709,29872,30413,32020,32678,33097,33804,34736,35748,36006,37189,39336,39775,40817,41878,1,,86,121,135,135,136,154,162,174,189,191,215,218,229,242,248,268,276,277,298,304,320,326,330,338,347,357,360,371,393,397,408,418,1,
9770,14857,16717,18197,19102,19365,20122,20777,21345,22663,23456,23659,26060,26775,27542,30316,31258,32153,32650,34230,36156,36330,37517,37826,39325,39849,41367,42738,44472,44864,45588,47684,1,,97,148,167,181,191,193,201,207,213,226,234,236,260,267,275,303,312,321,326,342,361,363,375,378,393,398,413,427,444,448,455,476,1,
5160,8520,9350,11675,12336,16002,16214,18121,18539,19375,21674,29103,29584,31103,31373,31572,32186,33673,33793,34314,37236,38389,38806,38872,39049,39461,39689,40520,40584,41090,41987,42388,1,,51,85,93,116,123,160,162,181,185,193,216,291,295,311,313,315,321,336,337,343,372,383,388,388,390,394,396,405,405,410,419,423,1,
20733,21632,25255,26821,29939,31326,32518,33177,33365,33824,34972,35252,35709,36669,37746,39009,41122,42877,42884,42990,43405,44428,44590,45137,46034,46067,46690,46769,47141,47199,49287,51327,1,,207,216,252,268,299,313,325,331,333,338,349,352,357,366,377,390,411,428,428,429,434,444,445,451,460,460,466,467,471,471,492,513,1,
7280,7640,10800,12648,15246,16052,19816,22264,24212,25233,25779,27617,27881,29037,29500,30708,31911,32705,32892,32976,33226,33508,33576,34368,34493,35074,35351,35987,38869,39079,40046,41084,1,,72,76,108,126,152,160,198,222,242,252,257,276,278,290,295,307,319,327,328,329,332,335,335,343,344,350,353,359,388,390,400,410,1,
5040,14851,16152,16837,18568,19928,20116,28729,29129,31648,34385,34488,36387,37056,37174,38100,38681,38851,39681,42583,42717,43053,44426,45091,46118,46440,46839,46848,47113,47319,47458,47489,1,,50,148,161,168,185,199,201,287,291,316,343,344,363,370,371,381,386,388,396,425,427,430,444,450,461,464,468,468,471,473,474,474,1,
1830,4270,11007,14553,17462,22113,24185,27493,27783,28396,31467,31525,32315,32355,32977,33393,33582,34487,34599,35404,37327,37674,37873,37976,38760,39430,40893,41231,42112,42822,42832,43054,1,,18,42,110,145,174,221,241,274,277,283,314,315,323,323,329,333,335,344,345,354,373,376,378,379,387,394,408,412,421,428,428,430,1,
3440,5570,6780,8790,9420,10391,14764,15697,16275,17115,19282,20726,22268,23920,24748,28525,28965,29225,30124,32562,33285,34812,36475,37419,37525,39078,39906,41974,42231,42458,43685,45703,1,,34,55,67,87,94,103,147,156,162,171,192,207,222,239,247,285,289,292,301,325,332,348,364,374,375,390,399,419,422,424,436,457,1,
592,12978,15970,20725,22511,23231,25730,26326,26686,26974,27762,28166,29288,31512,33211,34466,34554,35932,39412,39960,40308,41240,41264,43230,43656,43844,44094,44242,47214,47597,47637,49085,1,,5,129,159,207,225,232,257,263,266,269,277,281,292,315,332,344,345,359,394,399,403,412,412,432,436,438,440,442,472,475,476,490,1,
592,12978,15970,20725,22511,23231,25730,26326,26686,26974,27762,28166,29288,31512,33211,34466,34554,35932,39412,39960,40308,41240,41264,43230,43656,43844,44094,44242,47214,47597,47637,49085,1,,5,129,159,207,225,232,257,263,266,269,277,281,292,315,332,344,345,359,394,399,403,412,412,432,436,438,440,442,472,475,476,490,1,
5710,7100,11719,13045,13397,15113,16714,18216,18819,19564,20810,23434,23840,24054,24724,25833,26207,27202,27306,27783,29351,29459,32812,33906,34717,34847,36117,36120,36824,37760,38211,39597,1,,57,71,117,130,133,151,167,182,188,195,208,234,238,240,247,258,262,272,273,277,293,294,328,339,347,348,361,361,368,377,382,395,1,
4100,11105,11135,12480,14435,14804,16321,16764,18240,20937,22122,23205,27583,28923,29476,30950,34421,34946,35226,35544,37466,38887,39746,39878,40665,41240,41556,45897,46034,47512,48597,49159,1,,41,111,111,124,144,148,163,167,182,209,221,232,275,289,294,309,344,349,352,355,374,388,397,398,406,412,415,458,460,475,485,491,1,
5080,11078,14133,14309,17285,18508,20231,22143,22509,23058,23583,24497,25183,27143,27147,27249,27775,28720,29716,29838,30036,30730,32596,32616,34302,34448,36470,38908,44367,44749,46171,46175,1,,50,110,141,143,172,185,202,221,225,230,235,244,251,271,271,272,277,287,297,298,300,307,325,326,343,344,364,389,443,447,461,461,1,
5570,13178,17729,22583,22897,24631,29903,32746,37924,38969,41158,41757,46206,47083,48519,50478,52050,53563,53703,54256,54914,54941,56452,56545,56753,57424,58836,59671,60622,60934,61420,61872,1,,55,131,177,225,228,246,299,327,379,389,411,417,462,470,485,504,520,535,537,542,549,549,564,565,567,574,588,596,606,609,614,618,1,
8340,10795,11095,14454,20115,21971,24706,24728,26105,29384,30002,30714,31453,32358,35160,35278,35891,35976,36150,36835,37661,38165,39199,40065,40881,40894,44736,44908,44959,46086,46327,46801,1,,83,107,110,144,201,219,247,247,261,293,300,307,314,323,351,352,358,359,361,368,376,381,391,400,408,408,447,449,449,460,463,468,1,
7350,7950,8210,8300,13763,18317,22140,23803,24158,24346,26198,26517,30007,30179,33405,35242,36195,36446,36468,36652,40336,43508,43835,44555,44706,44852,46872,47059,47848,48674,48789,51138,1,,73,79,82,83,137,183,221,238,241,243,261,265,300,301,334,352,361,364,364,366,403,435,438,445,447,448,468,470,478,486,487,511,1,
10287,10341,18036,18866,19223,19581,19955,20676,21424,24854,25458,30239,30722,32657,33979,34088,34818,34849,36100,36578,39851,40591,40695,42430,44762,45381,46639,48519,50721,50741,50853,51693,1,,102,103,180,188,192,195,199,206,214,248,254,302,307,326,339,340,348,348,361,365,398,405,406,424,447,453,466,485,507,507,508,516,1,
12403,14619,16107,17029,17060,18008,18013,18055,20214,24527,25130,25887,26436,26509,27756,28524,30049,30739,32282,32372,32672,33222,36686,39438,39999,40129,42205,42251,42678,42800,42880,45848,1,,124,146,161,170,170,180,180,180,202,245,251,258,264,265,277,285,300,307,322,323,326,332,366,394,399,401,422,422,426,428,428,458,1,
11834,14198,17588,18581,19018,22198,22719,22760,22779,22893,26872,28717,30771,31192,34434,35618,38073,39681,39704,39897,45099,45246,45806,46312,46785,48428,48448,48950,49322,49462,50569,51174,1,,118,141,175,185,190,221,227,227,227,228,268,287,307,311,344,356,380,396,397,398,450,452,458,463,467,484,484,489,493,494,505,511,1,
12697,12975,15790,16192,23105,24960,26176,26543,27020,28608,28997,30886,31299,31468,35180,36940,37627,38222,39396,40409,41244,41704,42680,42919,45161,45947,46282,48033,48412,48529,49074,49458,1,,126,129,157,161,231,249,261,265,270,286,289,308,312,314,351,369,376,382,393,404,412,417,426,429,451,459,462,480,484,485,490,494,1,
4690,14284,17426,18248,19530,19539,20235,20485,21954,21994,22270,25756,25903,28279,30098,30327,30603,32556,36900,37537,43343,43814,44632,46176,46408,46957,47407,49090,49240,49406,50296,50920,1,,46,142,174,182,195,195,202,204,219,219,222,257,259,282,300,303,306,325,369,375,433,438,446,461,464,469,474,490,492,494,502,509,1,
19155,21806,22127,23412,23433,23676,26217,27032,27534,28334,29174,32791,33922,34062,35549,36232,37386,38411,38593,39272,41066,41945,42117,42816,43029,43704,44554,44736,47781,47804,48511,49063,1,,191,218,221,234,234,236,262,270,275,283,291,327,339,340,355,362,373,384,385,392,410,419,421,428,430,437,445,447,477,478,485,490,1,
1700,8520,12442,12925,16654,17559,17948,18470,18761,19395,23428,24215,24717,25058,25475,25704,25712,26159,26332,28340,28561,29278,30071,33971,34478,35208,39496,39715,40632,40743,43251,44376,1,,17,85,124,129,166,175,179,184,187,193,234,242,247,250,254,257,257,261,263,283,285,292,300,339,344,352,394,397,406,407,432,443,1,
3180,8190,8600,9840,9970,10744,11561,13701,15597,18139,18336,20301,28514,28943,30010,30239,33159,33492,35946,37558,38420,39885,40235,41042,41455,41888,42917,44624,45137,45138,45442,45608,1,,31,81,86,98,99,107,115,137,155,181,183,203,285,289,300,302,331,334,359,375,384,398,402,410,414,418,429,446,451,451,454,456,1,
5350,11167,15837,16625,17279,17693,17731,18211,20329,24480,24670,26912,32493,33036,34692,35872,38523,39851,39902,40260,41303,41308,41831,42973,44184,45956,47009,47134,47751,47865,48915,49849,1,,53,111,158,166,172,176,177,182,203,244,246,269,324,330,346,358,385,398,399,402,413,413,418,429,441,459,470,471,477,478,489,498,1,
7350,11135,18204,19121,21121,21302,27185,29079,30855,34204,34861,35269,36672,38430,38850,41861,43416,45005,45170,45933,48213,49501,49698,51534,51539,52349,53540,54289,54719,55759,58491,58734,1,,73,111,182,191,211,213,271,290,308,342,348,352,366,384,388,418,434,450,451,459,482,495,496,515,515,523,535,542,547,557,584,587,1,
14433,14591,15595,21561,22065,22217,24228,26908,30079,33419,33453,35357,37648,38139,39745,40464,42070,43398,44278,44384,46543,46682,47845,48453,49311,49599,49657,49980,50273,51713,51743,51971,1,,144,145,155,215,220,222,242,269,300,334,334,353,376,381,397,404,420,433,442,443,465,466,478,484,493,495,496,499,502,517,517,519,1,
10482,14437,15059,15368,15497,21849,23529,24994,27749,30156,32610,34128,35692,38677,38683,39111,39795,40311,40457,42445,42595,45359,45775,45787,46066,46167,47395,47841,49697,51830,52443,52972,1,,104,144,150,153,154,218,235,249,277,301,326,341,356,386,386,391,397,403,404,424,425,453,457,457,460,461,473,478,496,518,524,529,1,
10258,20243,20559,24432,26304,27550,28874,29760,30383,30775,31680,31687,32448,33587,34144,34333,35905,36222,37224,38052,38554,39115,39306,39780,39929,40510,40734,43668,44994,45286,46201,47792,1,,102,202,205,244,263,275,288,297,303,307,316,316,324,335,341,343,359,362,372,380,385,391,393,397,399,405,407,436,449,452,462,477,1,
5270,8840,12525,16838,17547,17699,20397,22201,22561,23891,27131,28822,29830,30784,32490,34851,35159,38360,39574,40477,42627,43533,44843,45343,45506,45611,46286,46518,46645,47582,48120,48776,1,,52,88,125,168,175,176,203,222,225,238,271,288,298,307,324,348,351,383,395,404,426,435,448,453,455,456,462,465,466,475,481,487,1,
18899,19883,22337,23943,24030,24208,26486,26513,36363,36434,38398,42930,45152,45293,45456,45596,46387,47452,47785,48626,52100,53122,53347,53700,53864,55685,55925,57468,58449,59082,59741,59759,1,,188,198,223,239,240,242,264,265,363,364,383,429,451,452,454,455,463,474,477,486,521,531,533,537,538,556,559,574,584,590,597,597,1,
8030,10678,11817,19133,19964,22934,24553,27669,30541,32986,34288,34962,37002,37731,37812,37985,39458,40191,41123,41272,42359,42525,45964,46080,47124,47921,48354,48844,50787,52221,53925,54598,1,,80,106,118,191,199,229,245,276,305,329,342,349,370,377,378,379,394,401,411,412,423,425,459,460,471,479,483,488,507,522,539,545,1,
4550,7160,11551,12392,13527,14906,16070,16476,18964,25204,28177,28361,28840,29206,30591,32031,32967,34143,34508,34974,35604,35976,37752,38275,39372,42417,42523,44919,45742,47640,48730,48893,1,,45,71,115,123,135,149,160,164,189,252,281,283,288,292,305,320,329,341,345,349,356,359,377,382,393,424,425,449,457,476,487,488,1,
16283,17543,19746,20140,21274,24932,28513,29656,31856,32727,33068,33408,33638,33703,34027,35973,35996,36540,37424,38076,39119,40444,42699,42854,44922,46076,46375,47579,47868,48928,49572,50251,1,,162,175,197,201,212,249,285,296,318,327,330,334,336,337,340,359,359,365,374,380,391,404,426,428,449,460,463,475,478,489,495,502,1,
9550,10295,16911,20887,21511,23524,25660,26599,27378,28556,30695,31911,34181,36047,36510,41506,41951,42095,42701,42828,44305,45004,46015,47163,47690,48330,48726,49877,50463,51345,51371,51722,1,,95,102,169,208,215,235,256,265,273,285,306,319,341,360,365,415,419,420,427,428,443,450,460,471,476,483,487,498,504,513,513,517,1,
8590,9940,14752,15512,19464,20706,22501,23026,24190,27055,28281,30490,32711,32963,34917,36082,36866,36958,37838,38424,39314,39318,39550,39602,39932,40826,40976,41590,41919,42853,45963,46556,1,,85,99,147,155,194,207,225,230,241,270,282,304,327,329,349,360,368,369,378,384,393,393,395,396,399,408,409,415,419,428,459,465,1,
8800,14434,16690,18756,18859,20295,21117,21599,21835,22755,22876,25361,26264,29998,30418,34452,37154,40418,41448,41960,42240,42284,42475,43086,43103,43209,43705,44015,44786,45638,47430,48767,1,,88,144,166,187,188,202,211,215,218,227,228,253,262,299,304,344,371,404,414,419,422,422,424,430,431,432,437,440,447,456,474,487,1,
5650,16755,19120,24047,25271,26979,27602,30481,32729,34612,35188,36053,36118,38210,38504,38683,39298,40428,40634,42827,42909,45571,45861,48972,48983,49019,50847,51123,51472,52010,52982,54744,1,,56,167,191,240,252,269,276,304,327,346,351,360,361,382,385,386,392,404,406,428,429,455,458,489,489,490,508,511,514,520,529,547,1,
3470,10539,12589,12871,15787,16873,21395,26648,27491,28671,30545,33587,34845,34935,36498,38310,42499,43685,45168,45848,47966,48508,50821,50856,52171,52437,52447,52839,53614,53674,54005,54508,1,,34,105,125,128,157,168,213,266,274,286,305,335,348,349,364,383,424,436,451,458,479,485,508,508,521,524,524,528,536,536,540,545,1,
4480,5960,6420,6670,7560,15405,16331,17486,18666,20564,20618,20902,26001,26065,27824,28160,28532,31432,36226,37610,38396,39457,39610,41334,41762,42777,42791,43933,46910,47029,47322,47578,1,,44,59,64,66,75,154,163,174,186,205,206,209,260,260,278,281,285,314,362,376,383,394,396,413,417,427,427,439,469,470,473,475,1,
10411,20005,20877,25137,27657,33851,34674,34724,37045,37712,40232,40840,41274,42374,42393,42509,42530,43618,44360,44901,46678,50560,51548,51745,52637,52975,53489,53504,53625,53926,54291,55073,1,,104,200,208,251,276,338,346,347,370,377,402,408,412,423,423,425,425,436,443,449,466,505,515,517,526,529,534,535,536,539,542,550,1,
14216,15295,15338,20134,20835,22235,22551,23213,25115,29149,29535,29624,30576,32017,33786,37131,37565,37715,42632,42924,44332,44405,44662,45417,45567,45638,46041,46800,46952,47196,49900,50041,1,,142,152,153,201,208,222,225,232,251,291,295,296,305,320,337,371,375,377,426,429,443,444,446,454,455,456,460,468,469,471,499,500,1,
5720,9820,13836,14913,15487,16542,19595,21302,23823,25929,27037,28055,28247,31560,32173,33150,33599,35353,35644,37322,37528,38043,38103,38665,41634,43698,44790,45680,48128,49548,49990,50480,1,,57,98,138,149,154,165,195,213,238,259,270,280,282,315,321,331,335,353,356,373,375,380,381,386,416,436,447,456,481,495,499,504,1,
6630,25282,26873,31319,32218,33000,33733,33851,34685,36066,39283,39845,41157,42852,43651,44784,46704,47592,47854,51255,55076,55649,56890,57101,57489,58168,58372,59323,59420,59874,61925,63512,1,,66,252,268,313,322,330,337,338,346,360,392,398,411,428,436,447,467,475,478,512,550,556,568,571,574,581,583,593,594,598,619,635,1,
4340,10196,11952,12450,13321,24859,25846,26121,26579,26624,27082,32002,32173,33320,33457,33718,34829,35416,35727,37003,38317,40048,42577,44119,44495,44740,45424,46647,47738,48209,48785,49439,1,,43,101,119,124,133,248,258,261,265,266,270,320,321,333,334,337,348,354,357,370,383,400,425,441,444,447,454,466,477,482,487,494,1,
2860,12450,13733,16286,26491,33523,34079,34803,35021,35511,36334,41228,42272,42333,42374,42628,43321,44280,44444,49251,52893,52966,53167,54413,55440,56441,56521,56630,56953,57181,57243,57772,1,,28,124,137,162,264,335,340,348,350,355,363,412,422,423,423,426,433,442,444,492,528,529,531,544,554,564,565,566,569,571,572,577,1,
13406,13468,14714,21903,24048,24056,24847,25261,26244,26492,27682,27744,29416,29923,30409,31107,31270,32090,32506,32769,33741,35965,36578,37221,39702,42435,43203,43846,44115,45372,46869,47488,1,,134,134,147,219,240,240,248,252,262,264,276,277,294,299,304,311,312,320,325,327,337,359,365,372,397,424,432,438,441,453,468,474,1,
3430,8740,10670,11350,14858,16557,23496,23805,27141,28334,28546,28731,31162,34411,34457,34939,37209,38336,40981,42635,44146,45394,46243,46318,46556,47173,49254,50070,52348,52950,53051,54036,1,,34,87,106,113,148,165,234,238,271,283,285,287,311,344,344,349,372,383,409,426,441,453,462,463,465,471,492,500,523,529,530,540,1,
9730,12828,19573,20033,20734,22315,22621,23606,23766,23879,27218,28787,30369,30371,31623,33339,33646,34115,35579,37705,37944,38944,39776,40450,40554,41695,43274,43961,44175,44656,45276,45322,1,,97,128,195,200,207,223,226,236,237,238,272,287,303,303,316,333,336,341,355,377,379,389,397,404,405,416,432,439,441,446,452,453,1,
13912,13973,14339,16827,17044,17253,17276,17352,17514,18316,18807,19903,21017,21342,22139,22560,25339,26983,27313,27936,28348,28840,30038,31915,32244,32750,33449,33516,33529,35232,36218,37436,0,,139,139,143,168,170,172,172,173,175,183,188,199,210,213,221,225,253,269,273,279,283,288,300,319,322,327,334,335,335,352,362,374,0,
12040,16656,16708,18239,21049,21980,22805,26763,27177,28179,31362,31664,31887,32239,33378,35049,35558,35865,37473,38174,39642,39852,40082,42248,44751,44984,46148,46472,46546,48453,48869,48897,0,,120,166,167,182,210,219,228,267,271,281,313,316,318,322,333,350,355,358,374,381,396,398,400,422,447,449,461,464,465,484,488,488,0,
2340,10918,18762,20686,26259,26786,29146,33162,33914,38687,39285,45804,48163,49470,50546,50776,50864,54162,57198,58348,59606,60389,61083,61174,61511,64870,67347,67420,71601,71730,72103,73793,0,,23,109,187,206,262,267,291,331,339,386,392,458,481,494,505,507,508,541,571,583,596,603,610,611,615,648,673,674,716,717,721,737,0,
10578,21710,22969,27336,30602,32570,33095,34475,34640,36763,37080,41011,43092,44472,44636,45656,46874,47458,50848,52065,52947,53617,56628,59240,59816,59966,62959,63263,63447,63652,64270,64397,0,,105,217,229,273,306,325,330,344,346,367,370,410,430,444,446,456,468,474,508,520,529,536,566,592,598,599,629,632,634,636,642,643,0,
10364,11625,14430,22993,23343,24108,25361,26467,31064,31652,31764,32156,32330,35325,35546,36452,38019,38952,40531,41714,42786,43783,44394,45716,46754,48517,48786,49444,49556,50348,50807,51701,0,,103,116,144,229,233,241,253,264,310,316,317,321,323,353,355,364,380,389,405,417,427,437,443,457,467,485,487,494,495,503,508,517,0,
14909,21201,22210,24090,24353,25163,26965,27176,27632,28214,28353,28727,29327,31780,31876,33078,33693,34666,35675,36416,37221,37244,39037,39412,40001,40542,41486,41880,42077,42090,43156,43543,0,,149,212,222,240,243,251,269,271,276,282,283,287,293,317,318,330,336,346,356,364,372,372,390,394,400,405,414,418,420,420,431,435,0,
11305,11704,15292,15447,15709,21965,28948,33770,40428,42200,43298,44317,44433,47997,48651,49473,49621,50048,52719,53301,55771,55960,57353,57392,57501,58643,59961,62683,63499,64523,64976,65392,0,,113,117,152,154,157,219,289,337,404,422,432,443,444,479,486,494,496,500,527,533,557,559,573,573,575,586,599,626,634,645,649,653,0,
1370,5120,7230,11941,12747,15478,15985,18495,19750,21687,25982,28820,30054,30408,30449,31278,31575,31759,32282,33552,34108,34294,35064,36338,36742,37857,38019,38621,39015,40300,40640,40661,0,,13,51,72,119,127,154,159,184,197,216,259,288,300,304,304,312,315,317,322,335,341,342,350,363,367,378,380,386,390,403,406,406,0,
7410,9770,10376,10579,11231,16267,26096,31247,31322,31426,35820,37765,38165,38893,40902,41364,42372,43260,43335,44415,45269,46585,47166,50151,51608,52558,53527,54042,54143,54228,57544,58579,0,,74,97,103,105,112,162,260,312,313,314,358,377,381,388,409,413,423,432,433,444,452,465,471,501,516,525,535,540,541,542,575,585,0,
14381,16435,18856,20110,20793,23963,33676,35257,35315,35971,36973,37061,39002,39067,39786,39934,40290,40341,43319,44197,47356,47881,49332,50055,51126,53119,53332,55527,55698,58249,59807,60100,0,,143,164,188,201,207,239,336,352,353,359,369,370,390,390,397,399,402,403,433,441,473,478,493,500,511,531,533,555,556,582,598,601,0,
8330,20793,23287,23376,24469,26582,30310,33771,34439,34470,38318,38878,39434,40055,41148,46201,46202,47203,47267,49415,51128,53325,55220,55394,55972,56908,58713,58757,61448,62291,63470,64230,0,,83,207,232,233,244,265,303,337,344,344,383,388,394,400,411,462,462,472,472,494,511,533,552,553,559,569,587,587,614,622,634,642,0,
5560,6430,10204,11198,13079,13420,14109,14771,15805,17612,19606,20223,20274,21533,24345,25456,25578,27999,28767,30882,31167,33356,34000,36024,36354,37470,37637,38113,38509,38754,40128,41326,0,,55,64,102,111,130,134,141,147,158,176,196,202,202,215,243,254,255,279,287,308,311,333,340,360,363,374,376,381,385,387,401,413,0,
14551,15051,16575,16848,17256,17591,17628,21647,21736,24078,26261,26522,27663,27715,28194,32400,32581,36022,36709,37402,39068,40787,41752,42492,43151,43610,44122,45239,47433,47815,47889,49041,0,,145,150,165,168,172,175,176,216,217,240,262,265,276,277,281,324,325,360,367,374,390,407,417,424,431,436,441,452,474,478,478,490,0,
9120,14990,17555,17687,19946,20204,22044,22981,25771,26106,26109,26625,32785,33347,35670,35736,38144,40213,43309,44084,44986,47582,48306,50140,51318,51341,53462,54429,54667,56068,56959,57162,0,,91,149,175,176,199,202,220,229,257,261,261,266,327,333,356,357,381,402,433,440,449,475,483,501,513,513,534,544,546,560,569,571,0,
15536,16507,19967,22197,22654,23279,27558,27965,28527,31387,32344,32814,35432,35877,36413,38100,38454,38944,40026,40279,42501,43748,45025,45588,46004,46616,46668,48377,48388,49394,50184,53365,0,,155,165,199,221,226,232,275,279,285,313,323,328,354,358,364,381,384,389,400,402,425,437,450,455,460,466,466,483,483,493,501,533,0,
2200,3400,12272,12883,13100,15578,17535,18071,19726,21915,22075,22085,22088,22738,22799,23587,23794,24533,25176,25445,26041,27359,28037,28408,31231,31255,31580,32118,32598,32700,34519,34669,0,,22,34,122,128,131,155,175,180,197,219,220,220,220,227,227,235,237,245,251,254,260,273,280,284,312,312,315,321,325,327,345,346,0,
5800,7050,7270,10131,10713,11261,13267,14288,14384,20640,22056,22556,23207,23975,24870,30130,31349,31821,32043,33387,33989,37621,39751,40850,40956,43098,43382,44407,44672,44691,44865,46015,0,,58,70,72,101,107,112,132,142,143,206,220,225,232,239,248,301,313,318,320,333,339,376,397,408,409,430,433,444,446,446,448,460,0,
4640,7240,7720,11915,17579,22893,24736,26464,26567,26781,27405,27836,29798,29983,31239,31429,31492,32460,33223,33966,34215,36898,37029,37510,37523,37556,38615,38786,43442,44014,44128,47742,0,,46,72,77,119,175,228,247,264,265,267,274,278,297,299,312,314,314,324,332,339,342,368,370,375,375,375,386,387,434,440,441,477,0,
8270,14202,14545,15032,18770,23344,26271,26571,27523,28778,30850,33124,33901,35418,35857,38005,38662,39694,39869,41574,41938,42110,43457,44435,45619,45780,46230,46384,50595,50754,51586,51699,0,,82,142,145,150,187,233,262,265,275,287,308,331,339,354,358,380,386,396,398,415,419,421,434,444,456,457,462,463,505,507,515,516,0,
8800,14363,20555,20955,22522,23252,23763,25050,25374,28180,29489,31328,35255,36802,38769,39667,40214,40462,41629,42270,42753,45374,45782,46107,46273,46301,48246,48343,49012,49220,50650,51698,0,,88,143,205,209,225,232,237,250,253,281,294,313,352,368,387,396,402,404,416,422,427,453,457,461,462,463,482,483,490,492,506,516,0,
3590,5260,5310,7090,10633,16503,17460,18540,22674,29701,32327,34891,34930,35986,36142,36354,37727,39395,39403,40525,41212,41995,44114,45393,45591,45716,45917,46168,46410,46610,47927,48106,0,,35,52,53,70,106,165,174,185,226,297,323,348,349,359,361,363,377,393,394,405,412,419,441,453,455,457,459,461,464,466,479,481,0,
5570,10155,11574,12678,14300,29808,30983,31910,32117,34672,35404,35458,36992,37753,41181,46337,48668,48855,48913,49279,49628,49942,50278,50933,51014,51590,53242,53451,54873,55039,55101,55707,0,,55,101,115,126,143,298,309,319,321,346,354,354,369,377,411,463,486,488,489,492,496,499,502,509,510,515,532,534,548,550,551,557,0,
6100,7200,9900,12886,16325,17440,17884,20240,20375,23493,24154,24532,25590,27385,27468,29947,31181,31617,34349,34762,35823,36377,36872,37168,38649,39138,40056,41231,41350,41996,44077,45789,0,,61,72,99,128,163,174,178,202,203,234,241,245,255,273,274,299,311,316,343,347,358,363,368,371,386,391,400,412,413,419,440,457,0,
3420,12122,13854,22564,22805,22985,28404,30157,30656,32569,32772,38070,39062,41283,44410,45530,46564,47868,48669,49147,49184,49206,50671,52028,52544,52708,53008,54362,54498,54514,55113,55216,0,,34,121,138,225,228,229,284,301,306,325,327,380,390,412,444,455,465,478,486,491,491,492,506,520,525,527,530,543,544,545,551,552,0,
3020,14903,21302,21396,25312,25554,26180,32105,33042,34517,35797,38452,40804,40842,41504,41860,44282,44331,45595,47442,47927,49298,49560,49663,50387,52586,52896,53984,54526,54552,55421,55899,0,,30,149,213,213,253,255,261,321,330,345,357,384,408,408,415,418,442,443,455,474,479,492,495,496,503,525,528,539,545,545,554,558,0,
6530,15532,18366,24359,28534,30256,32547,33553,35015,37083,37212,37709,38727,41318,41424,42746,43218,44192,44928,45030,46150,46600,46996,47289,47854,47919,50546,50669,52554,53307,54089,54220,0,,65,155,183,243,285,302,325,335,350,370,372,377,387,413,414,427,432,441,449,450,461,466,469,472,478,479,505,506,525,533,540,542,0,
15812,18235,19806,24391,24644,25435,26554,29451,30968,31433,34243,37223,38953,42156,42208,44004,45168,45568,45626,46324,47615,49624,52082,52235,52652,53094,53135,53172,56496,57949,58533,58681,0,,158,182,198,243,246,254,265,294,309,314,342,372,389,421,422,440,451,455,456,463,476,496,520,522,526,530,531,531,564,579,585,586,0,
15175,16749,22148,28625,29413,30903,35108,37224,37537,38311,41132,41453,41683,42022,42073,42299,42351,43764,44371,44773,47025,48127,49569,49813,50838,54092,56478,57014,57288,57670,58806,59411,0,,151,167,221,286,294,309,351,372,375,383,411,414,416,420,420,422,423,437,443,447,470,481,495,498,508,540,564,570,572,576,588,594,0,
2630,7680,9360,11895,12764,16213,17373,17458,18656,19795,20638,21241,25129,27063,28465,28866,29212,29366,32949,34833,37342,40346,42081,42168,44743,45375,46365,46636,47208,48495,48837,48989,0,,26,76,93,118,127,162,173,174,186,197,206,212,251,270,284,288,292,293,329,348,373,403,420,421,447,453,463,466,472,484,488,489,0,
13382,15878,17312,17395,20505,23292,25593,28760,31346,31596,33958,34061,35080,37453,38114,39255,40051,40376,41473,42282,42821,43467,47148,47665,48490,49879,52029,52134,55445,57288,57311,57479,0,,133,158,173,173,205,232,255,287,313,315,339,340,350,374,381,392,400,403,414,422,428,434,471,476,484,498,520,521,554,572,573,574,0,
13568,19809,23340,24402,26719,26785,29088,30214,30900,32462,33489,34851,35523,36890,37420,38246,39448,40176,43540,43924,44220,44797,46169,47466,47673,48759,49221,50190,51022,51032,51810,52635,0,,135,198,233,244,267,267,290,302,309,324,334,348,355,368,374,382,394,401,435,439,442,447,461,474,476,487,492,501,510,510,518,526,0,
9730,13302,14571,15783,20754,24126,24484,27112,27251,27824,28365,29747,35540,36834,36904,37158,41692,41974,42549,42707,43822,43951,44763,45299,47067,51911,52370,53200,53300,54210,54561,54765,0,,97,133,145,157,207,241,244,271,272,278,283,297,355,368,369,371,416,419,425,427,438,439,447,452,470,519,523,532,533,542,545,547,0,